"spaceid","blockface","metertype","ratetype","raterange","timelimit","latlng"
"SVV434","800 HELIOTROPE DR","Single-Space","JUMP","$1.5/H - $6/6H","6HR","(34.086629, -118.294872)"
"CB3016A","101 4TH ST","Single-Space","TOD","$1.00 - $1.50","2HR","(34.047985, -118.24693)"
"AE449","601 JACKSON ST","Single-Space","JUMP","$1.5/H - $6/10H","10HR","(34.051198, -118.23367)"
"UC131A","3200 CAHUENGA BLVD","Single-Space","FLAT","$1.50","1HR","(34.130047, -118.349348)"
"CB2059","1401 MAPLE AVE","Single-Space","FLAT","$1.00","4HR","(34.033329, -118.258309)"
"WW1235","4100 3RD ST","Single-Space","FLAT","$1.50","1HR","(34.068904, -118.303733)"
"OF25","1000 FAIRFAX AVE","Single-Space","FLAT","$1.50","2HR","(34.056295, -118.3646)"
"WS79","10800 ROCHESTER AVE","Single-Space","FLAT","$1.50","2HR","(34.056205, -118.441902)"
"WW1493","1200 WESTERN AVE","Single-Space","FLAT","$1.50","1HR","(34.048296, -118.308943)"
"MM515","5800 3RD ST","Single-Space","FLAT","$1.50","1HR","(34.06902, -118.346813)"
"LM435","401 LA BREA AVE","Single-Space","FLAT","$1.50","2HR","(34.079358, -118.344169)"
"SVV146","701 VIRGIL AVE","Single-Space","FLAT","$1.50","2HR","(34.085208, -118.286949)"
"CB4274","1001 SAN JULIAN ST","Single-Space","TOD","$0.50 - $1.00","4HR","(34.036483, -118.252725)"
"CB2863","1400 OLIVE ST","Single-Space","TOD","$1.00 - $3.00","4HR","(34.036155, -118.264496)"
"WU2","1001 6TH ST","Single-Space","FLAT","$1.50","4HR","(34.053723, -118.261086)"
"WN272","101 G ST","Single-Space","FLAT","$1.50","2HR","(33.778585, -118.26256)"
"VN1034","14401 HAMLIN ST","Single-Space","FLAT","$1.50","2HR","(34.188748, -118.447353)"
"WH190","21801 VENTURA BLVD","Single-Space","FLAT","$1.50","2HR","(34.168534, -118.602701)"
"VN136","14500 HAYNES ST","Single-Space","FLAT","$1.50","2HR","(34.189635, -118.450602)"
"SVV392","700 HELIOTROPE DR","Single-Space","FLAT","$1.50","4HR","(34.084713, -118.294865)"
"52169","1141 JEFFERSON BLVD","Multi-Space","FLAT","$1.50","4HR","(34.025597, -118.289954)"
"61429","40 WINDWARD AVE","Multi-Space","TOD","$0.50 - $1.50","1HR","(33.987224, -118.472895)"
"SH29","1101 VINE ST","Single-Space","FLAT","$1.50","1HR","(34.092394, -118.326753)"
"56601","10710 SANTA MONICA BLVD","Multi-Space","FLAT","$1.50","2HR","(34.051448, -118.432468)"
"BF46","301 FAIRFAX AVE","Single-Space","FLAT","$1.50","2HR","(34.077715, -118.361546)"
"PB13","5001 PICO BLVD","Single-Space","FLAT","$1.50","2HR","(34.047881, -118.346518)"
"WW178","301 WESTERN AVE","Single-Space","FLAT","$1.50","1HR","(34.077837, -118.309259)"
"HP12","101 AVENUE 55","Single-Space","FLAT","$1.50","2HR","(34.107758, -118.195921)"
"VW157","800 VERMONT AVE","Single-Space","FLAT","$1.50","1HR","(34.057068, -118.291521)"
"R169","7001 RESEDA BLVD","Single-Space","FLAT","$1.50","2HR","(34.198932, -118.536167)"
"WA1461","1301 BURLINGTON AVE","Single-Space","FLAT","$1.50","2HR","(34.045159, -118.279255)"
"LC260","101 CRESCENT HEIGHTS BLVD","Single-Space","FLAT","$1.50","2HR","(34.07567, -118.365922)"
"WF514","600 SAN VICENTE BLVD","Single-Space","JUMP","$1.5/H - $6/10H","10HR","(34.065026, -118.372475)"
"CB1850","200 WINSTON ST","Single-Space","TOD","$2.00 - $5.00","2HR","(34.045557, -118.245457)"
"LH4","201 AVENUE 22","Single-Space","FLAT","$1.50","2HR","(34.073352, -118.217756)"
"R94","7201 RESEDA BLVD","Single-Space","FLAT","$1.50","2HR","(34.201922, -118.536172)"
"CT385","800 NORTH SPRING ST","Single-Space","TOD","$2.00 - $4.00","2HR","(34.062283, -118.236646)"
"SL642","1301 GLENDALE BLVD","Single-Space","FLAT","$1.50","2HR","(34.079543, -118.26038)"
"GA233","3001 LOS FELIZ BLVD","Single-Space","FLAT","$1.50","2HR","(34.12531, -118.265296)"
"52415","620 JEFFERSON BLVD","Multi-Space","FLAT","$1.50","4HR","(34.022595, -118.281766)"
"PR315","9101 PICO BLVD","Single-Space","JUMP","$1.5/H - $6/10H","10HR","(34.055365, -118.391265)"
"CB1221","1001 OLIVE ST","Single-Space","FLAT","$1.00","4HR","(34.041545, -118.260372)"
"TZ513","18600 VENTURA BLVD","Single-Space","FLAT","$1.50","2HR","(34.16994, -118.539173)"
"VN747","6301 SYLMAR AVE","Single-Space","FLAT","$1.50","2HR","(34.185997, -118.4466)"
"CB3577","801 GRAND AVE","Single-Space","TOD","$1.00 - $1.50","4HR","(34.045327, -118.25855)"
"SVV234","1101 VERMONT AVE","Single-Space","FLAT","$1.50","1HR","(34.092874, -118.291865)"
"MV176","3801 GRAND VIEW BLVD","Single-Space","FLAT","$1.50","1HR","(34.004434, -118.430991)"
"56182","10635 SANTA MONICA BLVD","Multi-Space","FLAT","$1.50","2HR","(34.05335, -118.430442)"
"56636","10604 SANTA MONICA BLVD","Multi-Space","FLAT","$1.50","2HR","(34.053504, -118.429541)"
"CB848","1201 SANTEE ST","Single-Space","TOD","$1.00 - $5.00","2HR","(34.035443, -118.258104)"
"WU759","800 BEACON AVE","Single-Space","FLAT","$1.50","2HR","(34.051792, -118.27393)"
"CC1409","100 2ND ST","Single-Space","TOD","$2.00 - $7.00","2HR","(34.051505, -118.245412)"
"SV509","5901 SUNSET BLVD","Single-Space","FLAT","$1.00","2HR","(34.09815, -118.318199)"
"WF601","8401 4TH ST","Single-Space","FLAT","$1.50","2HR","(34.071612, -118.376082)"
"WN289","601 AVALON BLVD","Single-Space","FLAT","$1.50","2HR","(33.777873, -118.262372)"
"LC302","300 HARPER AVE","Single-Space","FLAT","$1.50","2HR","(34.076491, -118.368912)"
"VN642","14301 CALVERT ST","Single-Space","JUMP","$1.5/H - $6/10H","10HR","(34.181721, -118.446289)"
"YO64A","5000 YORK BLVD","Single-Space","FLAT","$1.50","1HR","(34.121326, -118.206525)"
"GA134","3500 LARGA AVE","Single-Space","FLAT","$1.50","2HR","(34.117919, -118.260185)"
"GA154","3401 GLENDALE BLVD","Single-Space","FLAT","$1.50","1HR","(34.12042, -118.258507)"
"CC1399","601 BUNKER HILL AVE","Single-Space","FLAT","$1.00","4HR","(34.061523, -118.244461)"
"MM675","5501 WILSHIRE BLVD","Single-Space","FLAT","$1.50","2HR","(34.062443, -118.349062)"
"WA1701","1000 ALVARADO ST","Single-Space","FLAT","$1.50","1HR","(34.05073, -118.280363)"
"VH148","4401 CLARISSA AVE","Single-Space","FLAT","$1.50","15MIN","(34.106912, -118.287184)"
"VN225","14500 GILMORE ST","Single-Space","FLAT","$1.50","2HR","(34.187602, -118.450169)"
"R104","18501 SHERMAN WAY","Single-Space","FLAT","$1.50","2HR","(34.201231, -118.536992)"
"WB469","2001 FLOWER ST","Single-Space","JUMP","$1.5/H - $6/7H","7HR","(34.032202, -118.271973)"
"VW1872","701 HOOVER ST","Single-Space","FLAT","$1.50","1HR","(34.059288, -118.284304)"
"ED62","501 CENTRAL AVE","Single-Space","FLAT","$1.00","4HR","(34.040086, -118.240052)"
"C950","3700 VERMONT AVE","Single-Space","FLAT","$1.50","4HR","(34.020478, -118.291401)"
"LT446","300 CENTRAL AVE","Single-Space","FLAT","$1.00","4HR","(34.045545, -118.239458)"
"WW671","650 MARIPOSA AVE","Single-Space","FLAT","$1.50","2HR","(34.061181, -118.298651)"
"MM208A","600 CLOVERDALE AVE","Single-Space","FLAT","$1.50","2HR","(34.062599, -118.346088)"
"CB3247","501 8TH ST","Single-Space","TOD","$1.00 - $3.00","4HR","(34.04573, -118.257611)"
"UC163","3500 CAHUENGA BLVD","Single-Space","FLAT","$1.50","2HR","(34.133181, -118.356372)"
"GA116","3500 GARDEN AVE","Single-Space","FLAT","$1.50","2HR","(34.117362, -118.261052)"
"VN251","14501 VICTORY BLVD","Single-Space","FLAT","$1.50","2HR","(34.186771, -118.45028)"
"WW1820","4150 5TH ST","Single-Space","FLAT","$1.50","2HR","(34.065267, -118.309414)"
"CB3547","501 FIGUEROA ST","Single-Space","TOD","$1.00 - $3.00","2HR","(34.051135, -118.258403)"
"PR739","1201 LA JOLLA AVE","Single-Space","FLAT","$1.50","1HR","(34.053365, -118.374066)"
"BF56","301 FAIRFAX AVE","Single-Space","FLAT","$1.50","2HR","(34.076903, -118.361544)"
"LT303","300 WALL ST","Single-Space","TOD","$1.00 - $5.00","2HR","(34.04658, -118.24452)"
"CB2491","601 WALL ST","Single-Space","FLAT","$1.00","4HR","(34.042869, -118.247761)"
"LC443","8401 MELROSE PL","Single-Space","FLAT","$1.50","2HR","(34.083703, -118.373657)"
"MV158","12200 VENICE BLVD","Single-Space","FLAT","$1.50","2HR","(34.004203, -118.432191)"
"GA160","3301 GLENDALE BLVD","Single-Space","FLAT","$1.50","1HR","(34.119815, -118.259153)"
"WW2163A","3350 WILSHIRE BLVD","Single-Space","FLAT","$1.50","1HR","(34.061664, -118.297508)"
"MD499","1201 MISSION ROAD","Single-Space","FLAT","$1.50","4HR","(34.062471, -118.211843)"
"CB4202","500 15TH ST","Single-Space","JUMP","$1/H - $4/10H","10HR","(34.032013, -118.258052)"
"SH230","1001 HIGHLAND AVE","Single-Space","FLAT","$1.50","1HR","(34.090123, -118.33872)"
"UC109","3201 CAHUENGA BLVD","Single-Space","FLAT","$1.50","2HR","(34.130062, -118.349781)"
"P299","100 ENTRADA DR","Single-Space","FLAT","$1.00","2HR","(34.028241, -118.518064)"
"WW780","600 MARIPOSA AVE","Single-Space","FLAT","$1.50","1HR","(34.063094, -118.299116)"
"BF545A","801 FAIRFAX AVE","Single-Space","FLAT","$1.50","2HR","(34.086021, -118.3616)"
"VH16","4601 HOLLYWOOD BLVD","Single-Space","FLAT","$1.50","2HR","(34.100427, -118.290352)"
"SVV472","900 HELIOTROPE DR","Single-Space","JUMP","$1.5/H - $6/6H","6HR","(34.08881, -118.29488)"
"VN529","14500 DELANO ST","Single-Space","FLAT","$1.50","2HR","(34.182598, -118.449075)"
"MD443","1401 BIGGY ST","Single-Space","FLAT","$1.50","4HR","(34.062079, -118.205519)"
"CP32","7201 REMMET AVE","Single-Space","FLAT","$1.50","2HR","(34.201302, -118.600345)"
"BF342B","8001 MELROSE AVE","Single-Space","FLAT","$1.50","2HR","(34.083849, -118.365431)"
"WB204","1701 OLIVE ST","Single-Space","FLAT","$1.00","4HR","(34.034298, -118.266241)"
"LM788","500 LA BREA AVE","Single-Space","FLAT","$1.50","1HR","(34.081531, -118.343927)"
"SV187","6700 SUNSET BLVD","Single-Space","FLAT","$1.00","2HR","(34.097877, -118.337766)"
"WF430E","6601 ORANGE ST","Single-Space","FLAT","$1.50","2HR","(34.065208, -118.372191)"
"VW1421A","500 LA FAYETTE PARK PL","Single-Space","FLAT","$1.50","4HR","(34.064137, -118.282357)"
"R136","18500 SHERMAN WAY","Single-Space","FLAT","$1.50","2HR","(34.201016, -118.538215)"
"WB723","401 18TH ST","Single-Space","FLAT","$1.00","4HR","(34.035218, -118.269487)"
"TZ189","18800 PHILIPRIMM ST","Single-Space","FLAT","$1.50","2HR","(34.172982, -118.544099)"
"PR704","5850 PICO BLVD","Single-Space","FLAT","$1.50","2HR","(34.051517, -118.367239)"
"ED516","800 KOHLER ST","Single-Space","FLAT","$1.50","4HR","(34.034483, -118.245068)"
"WH222","22200 CLARENDON ST","Single-Space","FLAT","$1.50","2HR","(34.16959, -118.607799)"
"CB3266","500 8TH ST","Single-Space","TOD","$1.00 - $7.00","2HR","(34.039543, -118.249902)"
"WF34","8101 3RD ST","Single-Space","FLAT","$1.50","2HR","(34.072432, -118.367495)"
"52303","3415 FIGUEROA ST","Multi-Space","FLAT","$1.50","4HR","(34.021417, -118.28044)"
"VW1136","2800 WILSHIRE BLVD","Single-Space","FLAT","$1.50","2HR","(34.061434, -118.283731)"
"CB1354","1100 HOPE ST","Single-Space","TOD","$1.00 - $1.50","2HR","(34.040982, -118.264112)"
"WW147","200 WESTERN AVE","Single-Space","FLAT","$1.50","1HR","(34.075516, -118.309051)"
"ER82","5000 EAGLE ROCK BLVD","Single-Space","FLAT","$1.50","1HR","(34.137538, -118.214364)"
"VW310A","600 NEW HAMPSHIRE AVE","Single-Space","FLAT","$1.50","2HR","(34.062446, -118.29284)"
"CB3001","201 4TH ST","Single-Space","TOD","$1.50 - $5.00","2HR","(34.049116, -118.24863)"
"SG209","7950 SUNSET BLVD","Single-Space","FLAT","$1.50","1HR","(34.097913, -118.363481)"
"P118","15201 LA CRUZ DR","Single-Space","FLAT","$1.00","1HR","(34.045654, -118.525129)"
"WW39","500 WESTERN AVE","Single-Space","FLAT","$1.50","1HR","(34.064484, -118.309005)"
"CP258","7101 OWENSMOUTH AVE","Single-Space","FLAT","$1.50","2HR","(34.200381, -118.601672)"
"WF271","7900 3RD ST","Single-Space","FLAT","$1.50","2HR","(34.071664, -118.363108)"
"CB2210","801 SAN JULIAN ST","Single-Space","TOD","$1.00 - $6.00","2HR","(34.038399, -118.250914)"
"HO76","1600 CHEROKEE AVE","Single-Space","TOD","$1.00 - $3.00","2HR","(34.100444, -118.334965)"
"56129","10349 SANTA MONICA BLVD","Multi-Space","FLAT","$1.50","2HR","(34.058625, -118.422774)"
"SA103","1900 SUNSET BLVD","Single-Space","FLAT","$1.50","1HR","(34.07792, -118.260998)"
"VN336","14501 SYLVAN ST","Single-Space","FLAT","$1.50","2HR","(34.184736, -118.450081)"
"SW55","1000 WESTERN AVE","Single-Space","FLAT","$1.50","1HR","(34.090447, -118.309042)"
"VN241","6401 VAN NUYS BLVD","Single-Space","FLAT","$1.50","2HR","(34.187159, -118.448866)"
"ED496","701 CROCKER ST","Single-Space","JUMP","$1/H - $4/10H","10HR","(34.038121, -118.248104)"
"R224","18400 SHERMAN WAY","Single-Space","FLAT","$1.50","2HR","(34.20102, -118.535038)"
"CB1326","1201 GRAND AVE","Single-Space","TOD","$1.00 - $1.50","4HR","(34.039922, -118.263632)"
"SP489","200 7TH ST","Single-Space","FLAT","$1.50","2HR","(33.737933, -118.282043)"
"SH125A","1100 HIGHLAND AVE","Single-Space","FLAT","$1.50","2HR","(34.092303, -118.338491)"
"WH162","21301 VENTURA BLVD","Single-Space","FLAT","$1.50","2HR","(34.167759, -118.596311)"
"LC3","700 LA CIENEGA BLVD","Single-Space","FLAT","$1.50","2HR","(34.083787, -118.376383)"
"YO86","5100 YORK BLVD","Single-Space","FLAT","$1.50","1HR","(34.120946, -118.204546)"
"WW2737","3651 WILSHIRE BLVD","Single-Space","FLAT","$1.50","2HR","(34.061815, -118.30582)"
"52114","661 JEFFERSON BLVD","Multi-Space","FLAT","$1.50","1HR","(34.022843, -118.281815)"
"WV46","1001 GAYLEY AVE","Single-Space","TOD","$1.50 - $3.00","2HR","(34.060906, -118.44722)"
"CB2358A","1400 SAN PEDRO ST","Single-Space","FLAT","$1.00","4HR","(34.030739, -118.255231)"
"CP245","22001 SHERMAN WAY","Single-Space","FLAT","$1.50","2HR","(34.201132, -118.607382)"
"PB357","1401 MEADOWBROOK AVE","Single-Space","FLAT","$1.50","2HR","(34.047774, -118.350589)"
"WW2038","600 GRAMERCY PL","Single-Space","FLAT","$1.50","2HR","(34.062235, -118.312735)"
"PR378","1101 BEVERLY DR","Single-Space","FLAT","$1.50","2HR","(34.056397, -118.39628)"
"GA203","3000 LOS FELIZ BLVD","Single-Space","FLAT","$1.50","30MIN","(34.125271, -118.264913)"
"R83","7201 RESEDA BLVD","Single-Space","FLAT","$1.50","2HR","(34.202617, -118.536177)"
"VN610","14300 CALVERT ST","Single-Space","FLAT","$1.50","2HR","(34.181615, -118.444573)"
"ED72","501 CENTRAL AVE","Single-Space","FLAT","$1.00","4HR","(34.039435, -118.240092)"
"WF545","450 SAN VICENTE BLVD","Single-Space","FLAT","$1.50","2HR","(34.068941, -118.374756)"
"WH122","5400 ALHAMA DR","Single-Space","FLAT","$1.50","2HR","(34.167842, -118.592447)"
"LM309","7401 MELROSE AVE","Single-Space","FLAT","$1.50","2HR","(34.083701, -118.352553)"
"LM109","6701 MELROSE AVE","Single-Space","FLAT","$1.50","2HR","(34.083536, -118.339875)"
"UC138","3300 CAHUENGA BLVD","Single-Space","FLAT","$1.50","2HR","(34.131731, -118.351906)"
"CB810","1101 SANTEE ST","Single-Space","TOD","$1.00 - $7.00","2HR","(34.037285, -118.256616)"
"WU945","1400 OLYMPIC BLVD","Single-Space","FLAT","$1.50","2HR","(34.047916, -118.271636)"
"WV484","10801 LINDBROOK DR","Single-Space","TOD","$1.00 - $1.50","2HR","(34.060207, -118.442774)"
"MM655","600 LA BREA AVE","Single-Space","FLAT","$1.50","2HR","(34.062746, -118.343894)"
"WA1121","1800 6TH ST","Single-Space","FLAT","$1.50","1HR","(34.05829, -118.272276)"
"SVV187","4501 SANTA MONICA BLVD","Single-Space","FLAT","$1.50","1HR","(34.090964, -118.288105)"
"GA5","3301 GLENDALE BLVD","Single-Space","FLAT","$1.50","1HR","(34.118949, -118.260081)"
"56315","10901 SANTA MONICA BLVD","Multi-Space","FLAT","$1.50","2HR","(34.0495, -118.438529)"
"LM716A","100 LA BREA AVE","Single-Space","FLAT","$1.50","2HR","(34.074596, -118.343914)"
"LT164A","200 1ST ST","Single-Space","FLAT","$4.00","2HR","(34.050688, -118.241459)"
"WS462","1501 SEPULVEDA BLVD","Single-Space","FLAT","$1.50","2HR","(34.049862, -118.446367)"
"SV93","1501 WILCOX AVE","Single-Space","FLAT","$1.00","2HR","(34.09957, -118.331114)"
"VN683A","14301 DELANO ST","Single-Space","JUMP","$1.5/H - $6/10H","10HR","(34.182745, -118.445026)"
"PR689","5900 PICO BLVD","Single-Space","FLAT","$1.50","15MIN","(34.052104, -118.370291)"
"PR671","6000 PICO BLVD","Single-Space","FLAT","$1.50","1HR","(34.052559, -118.372672)"
"LM252","7201 MELROSE AVE","Single-Space","FLAT","$1.50","2HR","(34.08357, -118.346446)"
"CC1548","501 FIGUEROA ST","Single-Space","TOD","$1.00 - $1.50","4HR","(34.061806, -118.246936)"
"SVV290","801 VERMONT AVE","Single-Space","FLAT","$1.50","2HR","(34.087499, -118.291849)"
"BF75","7901 BEVERLY BLVD","Single-Space","FLAT","$1.50","2HR","(34.076198, -118.363334)"
"WF264","300 EDINBURGH AVE","Single-Space","FLAT","$1.50","2HR","(34.071581, -118.363709)"
"LT57","301 2ND ST","Single-Space","TOD","$1.00 - $1.50","2HR","(34.047992, -118.239623)"
"WV125","10951 WEYBURN AVE","Single-Space","FLAT","$2.00","2HR","(34.062422, -118.44739)"
"WH260","22101 CLARENDON ST","Single-Space","FLAT","$1.50","2HR","(34.169697, -118.609987)"
"CB2241","1201 SAN JULIAN ST","Single-Space","TOD","$1.00 - $3.00","4HR","(34.033706, -118.254967)"
"66610","1610 VINE ST","Multi-Space","TOD","$1.50 - $3.00","2HR","(34.100495, -118.326572)"
"VW535","601 COMMONWEALTH AVE","Single-Space","FLAT","$1.50","2HR","(34.062767, -118.28575)"
"CB4411","500 11TH ST","Single-Space","TOD","$1.50 - $3.00","2HR","(34.042338, -118.263309)"
"SS476A","1900 SAWTELLE BLVD","Single-Space","FLAT","$1.50","2HR","(34.042203, -118.444635)"
"WA1428","2000 PICO BLVD","Single-Space","FLAT","$1.50","1HR","(34.046872, -118.282072)"
"SV729","1400 ORANGE DR","Single-Space","FLAT","$1.00","2HR","(34.097657, -118.341496)"
"P90","801 SWARTHMORE AVE","Single-Space","FLAT","$1.00","2HR","(34.046783, -118.526032)"
"SL357","3901 FOUNTAIN AVE","Single-Space","FLAT","$1.50","2HR","(34.095871, -118.277973)"
"AE159","701 2ND ST","Single-Space","FLAT","$1.50","2HR","(34.047225, -118.235886)"
"RS84","2601 ROBERTSON BLVD","Single-Space","FLAT","$1.50","1HR","(34.037729, -118.388654)"
"TZ409","19100 VENTURA BLVD","Single-Space","FLAT","$1.50","2HR","(34.172448, -118.549435)"
"WF351","501 FAIRFAX AVE","Single-Space","FLAT","$1.50","1HR","(34.066104, -118.361495)"
"WA1463","1300 BURLINGTON AVE","Single-Space","FLAT","$1.50","2HR","(34.045094, -118.279135)"
"MM108","700 COCHRAN AVE","Single-Space","FLAT","$1.50","2HR","(34.061646, -118.347287)"
"PR403","9600 PICO BLVD","Single-Space","FLAT","$1.50","1HR","(34.055034, -118.398023)"
"CB284","1401 BROADWAY","Single-Space","FLAT","$1.00","4HR","(34.03509, -118.262941)"
"R251","7100 DARBY AVE","Single-Space","FLAT","$1.50","1HR","(34.200741, -118.533437)"
"CB1657","900 LOS ANGELES ST","Single-Space","TOD","$1.50 - $6.00","2HR","(34.040155, -118.254838)"
"AE122","600 2ND ST","Single-Space","FLAT","$1.50","2HR","(34.047104, -118.236759)"
"C427","3500 FIGUEROA ST","Single-Space","FLAT","$1.50","4HR","(34.02014, -118.28096)"
"CC1518","1000 2ND ST","Single-Space","FLAT","$1.00","4HR","(34.057331, -118.254522)"
"CB1463","1101 HOPE ST","Single-Space","TOD","$1.00 - $3.00","4HR","(34.041521, -118.263857)"
"SL517","2400 GLENDALE BLVD","Single-Space","FLAT","$1.50","2HR","(34.101611, -118.259122)"
"CB35","701 FLOWER ST","Single-Space","TOD","$5.00 - $7.00","2HR","(34.047952, -118.259604)"
"PB143","5501 PICO BLVD","Single-Space","FLAT","$1.50","2HR","(34.049471, -118.358734)"
"CB170","400 PICO BLVD","Single-Space","FLAT","$1.00","4HR","(34.03919, -118.265145)"
"R522","18401 HART ST","Single-Space","FLAT","$1.50","30MIN","(34.197544, -118.535117)"
"WA6A","700 ALVARADO ST","Single-Space","FLAT","$1.50","2HR","(34.055539, -118.277294)"
"HO498","6400 YUCCA ST","Single-Space","TOD","$1.00 - $5.00","2HR","(34.103867, -118.330665)"
"SS179","11601 SANTA MONICA BLVD","Single-Space","FLAT","$1.50","1HR","(34.044592, -118.454438)"
"VW707","3201 WILSHIRE BLVD","Single-Space","FLAT","$1.50","1HR","(34.061888, -118.293439)"
"WV39A","1001 GAYLEY AVE","Single-Space","TOD","$1.50 - $3.00","2HR","(34.061289, -118.447548)"
"SW299A","5800 MELROSE AVE","Single-Space","FLAT","$1.50","1HR","(34.083409, -118.327941)"
"VN359","14500 SYLVAN ST","Single-Space","FLAT","$1.50","2HR","(34.184586, -118.449502)"
"SL300","1400 MICHELTORENA ST","Single-Space","FLAT","$1.50","30MIN","(34.087761, -118.275606)"
"CC1221A","300 LOS ANGELES ST","Single-Space","TOD","$1.00 - $5.00","2HR","(34.047712, -118.245371)"
"WA741","2500 WILSHIRE BLVD","Single-Space","FLAT","$1.50","1HR","(34.060261, -118.281133)"
"WW1182","3701 6TH ST","Single-Space","FLAT","$1.50","1HR","(34.063635, -118.303207)"
"CB4398","800 SPRING ST","Single-Space","TOD","$1.00 - $5.00","2HR","(34.042565, -118.254012)"
"CB1105","101 12TH ST","Single-Space","TOD","$1.00 - $3.00","2HR","(34.038547, -118.260717)"
"WU531","1401 7TH ST","Single-Space","FLAT","$1.50","1HR","(34.052881, -118.268694)"
"C425","3500 FIGUEROA ST","Single-Space","FLAT","$1.50","4HR","(34.020023, -118.281035)"
"VW901A","201 VERMONT AVE","Single-Space","FLAT","$1.50","1HR","(34.076047, -118.291817)"
"CB1155","1001 HILL ST","Single-Space","TOD","$1.00 - $2.00","4HR","(34.040825, -118.25932)"
"CB3732","400 MAIN ST","Single-Space","TOD","$1.00 - $2.00","2HR","(34.047153, -118.247993)"
"CB3738","401 LOS ANGELES ST","Single-Space","FLAT","$2.00","2HR","(34.047137, -118.246507)"
"HO967","1701 WHITLEY AVE","Single-Space","TOD","$1.50 - $3.00","2HR","(34.10243, -118.333405)"
"WB65","1800 MAIN ST","Single-Space","FLAT","$1.00","4HR","(34.031978, -118.263753)"
"CT495","801 YALE ST","Single-Space","FLAT","$1.00","4HR","(34.063868, -118.24057)"
"LT65","301 2ND ST","Single-Space","TOD","$1.00 - $1.50","2HR","(34.04834, -118.240152)"
"SG32","7551 SUNSET BLVD","Single-Space","FLAT","$1.50","1HR","(34.098138, -118.354326)"
"WB727","401 18TH ST","Single-Space","FLAT","$1.00","4HR","(34.035057, -118.269125)"
"WA1569","1501 PICO BLVD","Single-Space","FLAT","$1.50","1HR","(34.04424, -118.275813)"
"SS238","11801 SANTA MONICA BLVD","Single-Space","FLAT","$1.50","2HR","(34.042179, -118.459918)"
"WU745","1601 JAMES M. WOOD BLVD","Single-Space","FLAT","$1.50","2HR","(34.051037, -118.273414)"
"LM762","400 LA BREA AVE","Single-Space","FLAT","$1.50","2HR","(34.079404, -118.343925)"
"SVV15","4700 SANTA MONICA BLVD","Single-Space","FLAT","$1.50","1HR","(34.090783, -118.293165)"
"WH249","22101 CLARENDON ST","Single-Space","FLAT","$1.50","2HR","(34.169701, -118.608588)"
"CT543","701 NORTH SPRING ST","Single-Space","FLAT","$1.00","4HR","(34.061092, -118.237384)"
"YO81","1200 AVENUE 51","Single-Space","FLAT","$1.50","1HR","(34.120449, -118.204861)"
"SVV407","700 HELIOTROPE DR","Single-Space","FLAT","$1.50","4HR","(34.085245, -118.294868)"
"CB2046","301 14TH ST","Single-Space","FLAT","$1.00","2HR","(34.03384, -118.258429)"
"LT494","101 CENTRAL AVE","Single-Space","TOD","$1.00 - $5.00","2HR","(34.048963, -118.239264)"
"66291","6666 HOLLYWOOD BLVD","Multi-Space","TOD","$1.00 - $4.00","2HR","(34.101477, -118.335851)"
"WB576","500 20TH ST","Single-Space","JUMP","$1.5/H - $6/6H","6HR","(34.032777, -118.272666)"
"WW2462","4001 BEVERLY BLVD","Single-Space","FLAT","$1.50","1HR","(34.076388, -118.297288)"
"PB182","1300 GENESEE AVE","Single-Space","FLAT","$1.50","2HR","(34.051484, -118.36303)"
"C66","3201 VERMONT AVE","Single-Space","FLAT","$1.50","4HR","(34.026062, -118.291681)"
"WW2244","2900 PICO BLVD","Single-Space","FLAT","$1.50","1HR","(34.047132, -118.303713)"
"HP37","101 AVENUE 56","Single-Space","FLAT","$1.50","2HR","(34.108698, -118.193653)"
"CB3789","500 LOS ANGELES ST","Single-Space","TOD","$4.00 - $6.00","2HR","(34.045647, -118.247841)"
"HP194","5601 FIGUEROA ST","Single-Space","FLAT","$1.50","1HR","(34.1095, -118.19324)"
"BF88","7900 BEVERLY BLVD","Single-Space","FLAT","$1.50","2HR","(34.076001, -118.362276)"
"CB2857","1500 OLIVE ST","Single-Space","TOD","$1.00 - $2.00","30MIN","(34.0355, -118.265025)"
"CB3809","401 WALL ST","Single-Space","TOD","$2.00 - $6.00","2HR","(34.045743, -118.245165)"
"BH181","2200 CESAR E CHAVEZ AVE","Single-Space","FLAT","$1.50","1HR","(34.047656, -118.209916)"
"CT112","800 NORTH BROADWAY","Single-Space","TOD","$1.00 - $5.00","2HR","(34.062972, -118.237888)"
"WH180","21601 VENTURA BLVD","Single-Space","FLAT","$1.50","2HR","(34.16838, -118.600169)"
"CB3833","801 SANTEE ST","Single-Space","TOD","$1.00 - $7.00","2HR","(34.041181, -118.251986)"
"CB933","1000 FLOWER ST","Single-Space","TOD","$1.50 - $4.00","4HR","(34.043554, -118.263407)"
"VN1066","14400 HAYNES ST","Single-Space","FLAT","$1.50","2HR","(34.189637, -118.4468)"
"UC41","3601 CAHUENGA BLVD","Single-Space","FLAT","$1.50","2HR","(34.134485, -118.360094)"
"VW1006","3500 3RD ST","Single-Space","FLAT","$1.50","1HR","(34.06895, -118.29353)"
"56423","10936 SANTA MONICA BLVD","Multi-Space","FLAT","$1.50","2HR","(34.048906, -118.439268)"
"WH91","20901 VENTURA BLVD","Single-Space","FLAT","$1.50","1HR","(34.166719, -118.590338)"
"RA126A","300 ROBERTSON BLVD","Single-Space","FLAT","$2.50","2HR","(34.073107, -118.383682)"
"P258","16601 MARQUEZ AVE","Single-Space","FLAT","$1.00","2HR","(34.048193, -118.544258)"
"WF608","8400 BLACKBURN AVE","Single-Space","FLAT","$1.50","1HR","(34.072306, -118.375694)"
"WF205","8200 3RD ST","Single-Space","FLAT","$1.50","2HR","(34.072524, -118.369493)"
"CB639A","900 WALL ST","Single-Space","TOD","$1.50 - $5.00","2HR","(34.038177, -118.25238)"
"CP332","22100 SHERMAN WAY","Single-Space","FLAT","$1.50","2HR","(34.200899, -118.609424)"
"CB3498","301 12TH ST","Single-Space","TOD","$2.00 - $3.00","4HR","(34.039657, -118.262439)"
"PC203","1200 4TH AVE","Single-Space","FLAT","$1.50","2HR","(34.047635, -118.321117)"
"SV159","6601 SUNSET BLVD","Single-Space","FLAT","$1.00","2HR","(34.098085, -118.334188)"
"CP173","7100 REMMET AVE","Single-Space","FLAT","$1.50","2HR","(34.200716, -118.600213)"
"WA1135","2101 WILSHIRE BLVD","Single-Space","FLAT","$1.50","4HR","(34.058798, -118.276652)"
"CC1168","301 GRAND AVE","Single-Space","TOD","$1.00 - $2.00","2HR","(34.051934, -118.252418)"
"CB698","800 MAPLE AVE","Single-Space","TOD","$2.00 - $6.00","2HR","(34.040319, -118.251662)"
"CB1578","1101 MAPLE AVE","Single-Space","TOD","$1.00 - $7.00","2HR","(34.037012, -118.255323)"
"WH150","21101 VENTURA BLVD","Single-Space","FLAT","$1.50","2HR","(34.167377, -118.594391)"
"LH279","100 AVENUE 24","Single-Space","FLAT","$1.50","2HR","(34.074755, -118.216892)"
"SG419","1400 FULLER AVE","Single-Space","FLAT","$1.50","2HR","(34.097667, -118.349501)"
"VW595","600 WESTMORELAND AVE","Single-Space","FLAT","$1.50","1HR","(34.063313, -118.28835)"
"TZ484","18700 VENTURA BLVD","Single-Space","FLAT","$1.50","2HR","(34.170957, -118.541708)"
"WW1835","601 MANHATTAN PL","Single-Space","FLAT","$1.50","2HR","(34.06236, -118.310418)"
"VM44","1001 85TH ST","Single-Space","FLAT","$1.50","4HR","(33.960993, -118.292135)"
"PR69","1101 ROBERTSON BLVD","Single-Space","FLAT","$1.50","2HR","(34.056179, -118.383801)"
"HO539","1700 IVAR AVE","Single-Space","TOD","$1.50 - $5.00","2HR","(34.102818, -118.328091)"
"BF288","7800 WARING AVE","Single-Space","FLAT","$1.50","1HR","(34.085365, -118.361109)"
"WV72","10900 LINDBROOK DR","Single-Space","TOD","$0.50 - $3.00","30MIN","(34.059391, -118.445188)"
"VW220","3001 7TH ST","Single-Space","FLAT","$1.50","2HR","(34.059862, -118.289711)"
"LM592B","200 FORMOSA AVE","Single-Space","FLAT","$1.50","2HR","(34.075872, -118.346144)"
"SV108","6501 SUNSET BLVD","Single-Space","FLAT","$1.00","2HR","(34.098092, -118.331252)"
"66447","6376 HOLLYWOOD BLVD","Multi-Space","TOD","$1.00 - $4.00","2HR","(34.101518, -118.329251)"
"CB1209","700 OLIVE ST","Single-Space","TOD","$4.00 - $5.00","4HR","(34.045659, -118.256296)"
"WV243","900 BROXTON AVE","Single-Space","TOD","$1.00 - $3.00","2HR","(34.063367, -118.44695)"
"TZ486","18700 VENTURA BLVD","Single-Space","FLAT","$1.50","2HR","(34.170856, -118.541456)"
"CC1330","300 3RD ST","Single-Space","FLAT","$6.00","2HR","(34.051122, -118.248377)"
"WA652","601 CORONADO ST","Single-Space","FLAT","$1.50","1HR","(34.061796, -118.280661)"
"WW2151","3600 WILSHIRE BLVD","Single-Space","FLAT","$1.50","1HR","(34.061627, -118.303426)"
"MD500","1201 MISSION ROAD","Single-Space","FLAT","$1.50","4HR","(34.062438, -118.211888)"
"WW1567","3400 8TH ST","Single-Space","FLAT","$1.50","1HR","(34.057589, -118.306316)"
"WW243","4401 2ND ST","Single-Space","FLAT","$1.50","1HR","(34.071201, -118.309635)"
"HO250","6401 SELMA AVE","Single-Space","TOD","$1.00 - $4.00","2HR","(34.099831, -118.330581)"
"WA660","601 CORONADO ST","Single-Space","FLAT","$1.50","1HR","(34.061198, -118.281053)"
"BF309","700 HAYWORTH AVE","Single-Space","FLAT","$1.50","2HR","(34.084147, -118.362619)"
"CB715A","801 MAPLE AVE","Single-Space","TOD","$2.00 - $5.00","2HR","(34.040629, -118.251499)"
"CB157B","1300 HOPE ST","Single-Space","TOD","$1.00 - $1.50","4HR","(34.038592, -118.266132)"
"SVV71","4400 BURNS AVE","Single-Space","FLAT","$1.50","2HR","(34.087648, -118.291258)"
"LT429","301 CENTRAL AVE","Single-Space","FLAT","$1.00","4HR","(34.044645, -118.239779)"
"WS344","1900 WESTWOOD BLVD","Single-Space","FLAT","$1.50","1HR","(34.047625, -118.434825)"
"PM192","9500 VENICE BLVD","Single-Space","FLAT","$1.50","1HR","(34.025048, -118.395482)"
"VN524A","14501 DELANO ST","Single-Space","FLAT","$1.50","2HR","(34.18271, -118.449153)"
"SL560","2800 ROWENA AVE","Single-Space","FLAT","$1.50","2HR","(34.107595, -118.265527)"
"LM732A","300 LA BREA AVE","Single-Space","FLAT","$1.50","2HR","(34.076768, -118.343919)"
"WN281A","100 G ST","Single-Space","FLAT","$1.50","2HR","(33.778415, -118.263185)"
"AE75D","600 TRACTION AVE","Single-Space","JUMP","$1.5/H - $6/10H","10HR","(34.045928, -118.236797)"
"AE362A","701 BANNING ST","Single-Space","FLAT","$1.50","2HR","(34.049266, -118.232619)"
"MD566","1300 SAN PABLO ST","Single-Space","FLAT","$1.50","4HR","(34.060703, -118.203667)"
"C1118","601 30TH ST","Single-Space","FLAT","$1.50","1HR","(34.025296, -118.278418)"
"SV574","1500 ARGYLE AVE","Single-Space","TOD","$0.50 - $2.00","2HR","(34.098231, -118.325055)"
"ED377B","701 PICO BLVD","Single-Space","FLAT","$1.00","2HR","(34.032366, -118.252942)"
"HW96","1500 HARVARD BLVD","Single-Space","FLAT","$1.50","1HR","(34.098631, -118.304285)"
"VW342","600 BERENDO ST","Single-Space","FLAT","$1.50","2HR","(34.062194, -118.294061)"
"SV234","1401 WILCOX AVE","Single-Space","FLAT","$1.00","2HR","(34.096392, -118.331091)"
"WS742","1701 KELTON AVE","Single-Space","FLAT","$1.50","2HR","(34.049525, -118.439441)"
"LC237","8100 BEVERLY BLVD","Single-Space","FLAT","$1.50","2HR","(34.075977, -118.367586)"
"PM190","9500 VENICE BLVD","Single-Space","FLAT","$1.50","1HR","(34.024973, -118.395614)"
"LM628","101 LA BREA AVE","Single-Space","FLAT","$1.50","2HR","(34.074191, -118.344158)"
"SA25A","1701 SUNSET BLVD","Single-Space","FLAT","$1.50","2HR","(34.077594, -118.258981)"
"MM318A","601 MASSELIN AVE","Single-Space","FLAT","$1.50","30MIN","(34.062891, -118.352575)"
"SS352","1501 BARRY AVE","Single-Space","FLAT","$1.50","2HR","(34.043471, -118.454444)"
"LT202","201 SAN PEDRO ST","Single-Space","FLAT","$1.00","2HR","(34.048912, -118.242025)"
"CB4360","500 SPRING ST","Single-Space","TOD","$1.00 - $5.00","2HR","(34.046975, -118.249903)"
"ED522","1000 TOWNE AVE","Single-Space","TOD","$1.00 - $2.00","2HR","(34.034008, -118.249672)"
"CB2548","701 WALL ST","Single-Space","TOD","$1.00 - $6.00","4HR","(34.040812, -118.249775)"
"SW315","5600 MELROSE AVE","Single-Space","FLAT","$1.50","1HR","(34.083417, -118.323242)"
"MM11","701 STANLEY AVE","Single-Space","FLAT","$1.50","2HR","(34.061855, -118.35623)"
"MM120A","701 DETROIT ST","Single-Space","FLAT","$1.50","2HR","(34.06151, -118.345492)"
"WU482A","600 BIXEL ST","Single-Space","FLAT","$1.50","2HR","(34.051482, -118.263678)"
"CB3063","301 4TH ST","Single-Space","TOD","$1.00 - $5.00","2HR","(34.04614, -118.243665)"
"WA716","651 CORONADO ST","Single-Space","FLAT","$1.50","1HR","(34.060302, -118.281638)"
"CB3999","200 16TH ST","Single-Space","FLAT","$1.00","4HR","(34.032659, -118.261019)"
"WV80","1100 GAYLEY AVE","Single-Space","FLAT","$3.00","2HR","(34.05976, -118.445932)"
"VH213","4501 AVOCADO ST","Single-Space","FLAT","$1.50","2HR","(34.110769, -118.28789)"
"SL597","2100 BERKELEY AVE","Single-Space","FLAT","$1.50","2HR","(34.083699, -118.260522)"
"VN878","14400 SYLVAN ST","Single-Space","FLAT","$1.50","2HR","(34.18458, -118.446804)"
"LC30","800 LA CIENEGA BLVD","Single-Space","FLAT","$1.50","2HR","(34.085985, -118.376348)"
"ED95A","701 8TH ST","Single-Space","TOD","$1.00 - $1.50","2HR","(34.037712, -118.248084)"
"WW709","600 KENMORE AVE","Single-Space","FLAT","$1.50","2HR","(34.062085, -118.296549)"
"LT338","300 OMAR AVE","Single-Space","TOD","$1.00 - $1.50","4HR","(34.045597, -118.241943)"
"CB1950B","201 14TH ST","Single-Space","TOD","$1.00 - $2.00","2HR","(34.034637, -118.259856)"
"SS122","11301 IDAHO AVE","Single-Space","FLAT","$1.50","2HR","(34.045944, -118.448206)"
"CC1428","601 3RD ST","Single-Space","TOD","$5.00 - $6.00","2HR","(34.053335, -118.251549)"
"ED715","901 STANFORD AVE","Single-Space","FLAT","$1.00","4HR","(34.03488, -118.24801)"
"VW1638","1300 FEDORA ST","Single-Space","FLAT","$1.50","2HR","(34.047008, -118.297535)"
"CB3230","401 8TH ST","Single-Space","TOD","$6.00 - $7.00","2HR","(34.044779, -118.256139)"
"HO111","1600 SCHRADER BLVD","Single-Space","TOD","$1.00 - $2.00","2HR","(34.099951, -118.332403)"
"BF215","7501 MELROSE AVE","Single-Space","FLAT","$1.50","2HR","(34.083747, -118.354644)"
"CB2301","600 12TH ST","Single-Space","FLAT","$1.00","4HR","(34.034167, -118.254168)"
"TZ439","5500 TOPEKA DR","Single-Space","FLAT","$1.50","2HR","(34.17221, -118.54652)"
"WW2256","2800 PICO BLVD","Single-Space","FLAT","$1.50","1HR","(34.047139, -118.30223)"
"WU785","900 GRATTAN ST","Single-Space","FLAT","$1.50","2HR","(34.049837, -118.272507)"
"LM709","100 LA BREA AVE","Single-Space","FLAT","$1.50","2HR","(34.073766, -118.343914)"
"TZ146","18601 VENTURA BLVD","Single-Space","FLAT","$1.50","2HR","(34.170447, -118.539858)"
"LM492","7201 BEVERLY BLVD","Single-Space","FLAT","$1.50","1HR","(34.076255, -118.348416)"
"WU1027","1001 INGRAHAM ST","Single-Space","FLAT","$1.50","4HR","(34.051484, -118.262723)"
"VW141","2801 JAMES M. WOOD BLVD","Single-Space","FLAT","$1.50","1HR","(34.05596, -118.290266)"
"VN265","14500 VICTORY BLVD","Single-Space","FLAT","$1.50","2HR","(34.186561, -118.449926)"
"SA110","1201 LEMOYNE ST","Single-Space","FLAT","$1.50","2HR","(34.077413, -118.259594)"
"PM10","3301 MOTOR AVE","Single-Space","FLAT","$1.50","1HR","(34.028881, -118.410559)"
"VH218","2101 HILLHURST AVE","Single-Space","FLAT","$1.50","2HR","(34.110252, -118.287536)"
"LC172","8300 BEVERLY BLVD","Single-Space","FLAT","$1.50","2HR","(34.075954, -118.372531)"
"WW2226","2970 PICO BLVD","Single-Space","FLAT","$1.50","1HR","(34.047124, -118.306181)"
"CB421","1400 LOS ANGELES ST","Single-Space","TOD","$1.00 - $1.50","2HR","(34.034039, -118.260596)"
"ED381","701 PICO BLVD","Single-Space","FLAT","$1.00","2HR","(34.032506, -118.253271)"
"WB162","2101 HILL ST","Single-Space","TOD","$1.00 - $2.50","4HR","(34.029664, -118.26841)"
"MM9","701 STANLEY AVE","Single-Space","FLAT","$1.50","2HR","(34.062043, -118.356148)"
"TZ523A","18500 VENTURA BLVD","Single-Space","FLAT","$1.50","2HR","(34.169515, -118.538115)"
"WA903","501 BENTON WAY","Single-Space","FLAT","$1.50","2HR","(34.063701, -118.28165)"
"BF631","8401 MELROSE AVE","Single-Space","FLAT","$1.50","2HR","(34.083269, -118.373975)"
"LC102","701 LA CIENEGA BLVD","Single-Space","FLAT","$1.50","2HR","(34.085028, -118.376585)"
"GA212","3900 REVERE AVE","Single-Space","FLAT","$1.50","2HR","(34.125751, -118.263696)"
"LH290","100 AVENUE 24","Single-Space","FLAT","$1.50","2HR","(34.075568, -118.216913)"
"C1067","600 ADAMS BLVD","Single-Space","FLAT","$1.50","4HR","(34.028978, -118.27806)"
"SVV344","4300 MELROSE AVE","Single-Space","FLAT","$1.50","1HR","(34.083515, -118.294634)"
"SA107A","1800 SUNSET BLVD","Single-Space","FLAT","$1.50","2HR","(34.077735, -118.259869)"
"PR412","9500 PICO BLVD","Single-Space","FLAT","$1.50","1HR","(34.055141, -118.396927)"
"VW135","2801 JAMES M. WOOD BLVD","Single-Space","FLAT","$1.50","1HR","(34.055964, -118.289685)"
"WA334","901 ALVARADO ST","Single-Space","FLAT","$1.50","1HR","(34.053194, -118.27902)"
"VS413","4700 SUNSET BLVD","Single-Space","FLAT","$1.50","2HR","(34.098035, -118.293618)"
"CB3220","300 8TH ST","Single-Space","TOD","$1.00 - $7.00","2HR","(34.04401, -118.255202)"
"SVV386","700 HELIOTROPE DR","Single-Space","FLAT","$1.50","4HR","(34.084103, -118.294863)"
"VS309","5000 SUNSET BLVD","Single-Space","FLAT","$1.50","2HR","(34.098017, -118.299204)"
"WW1214","4200 3RD ST","Single-Space","FLAT","$1.50","1HR","(34.068878, -118.307589)"
"82808","2 WASHINGTON BLVD","Multi-Space","TOD","$0.50 - $1.00","2HR","(33.979098, -118.466608)"
"BF296","701 FAIRFAX AVE","Single-Space","FLAT","$1.50","2HR","(34.085214, -118.361594)"
"SL564","2800 ROWENA AVE","Single-Space","FLAT","$1.50","2HR","(34.107546, -118.265189)"
"SH116","1101 MCCADDEN PL","Single-Space","FLAT","$1.50","2HR","(34.091208, -118.337508)"
"WH291","22101 VENTURA BLVD","Single-Space","FLAT","$1.50","2HR","(34.168733, -118.609112)"
"SP805","500 NELSON ST","Single-Space","FLAT","$1.50","2HR","(33.739399, -118.284925)"
"C66A","3201 VERMONT AVE","Single-Space","FLAT","$1.50","4HR","(34.026011, -118.291681)"
"ED640","1001 TOWNE AVE","Single-Space","FLAT","$1.00","2HR","(34.032775, -118.250703)"
"WW1654","3301 8TH ST","Single-Space","FLAT","$1.50","1HR","(34.057777, -118.30235)"
"VN930","14401 FRIAR ST","Single-Space","FLAT","$1.50","2HR","(34.185744, -118.447866)"
"BF11","601 FAIRFAX AVE","Single-Space","FLAT","$1.50","2HR","(34.082312, -118.361572)"
"VN949","14400 VICTORY BLVD","Single-Space","FLAT","$1.50","2HR","(34.186559, -118.447372)"
"CT79","600 NORTH BROADWAY","Single-Space","FLAT","$1.00","2HR","(34.058888, -118.239913)"
"LM676","200 LA BREA AVE","Single-Space","FLAT","$1.50","2HR","(34.070008, -118.343892)"
"VN713A","14300 SYLVAN ST","Single-Space","JUMP","$1.5/H - $6/10H","10HR","(34.184588, -118.444813)"
"SH207","6900 SANTA MONICA BLVD","Single-Space","FLAT","$1.50","1HR","(34.090626, -118.340658)"
"VW1133","2800 WILSHIRE BLVD","Single-Space","FLAT","$1.50","2HR","(34.061522, -118.283928)"
"LM279","701 FULLER AVE","Single-Space","FLAT","$1.50","2HR","(34.08376, -118.349882)"
"C381C","3701 FLOWER ST","Single-Space","FLAT","$1.50","2HR","(34.01626, -118.282417)"
"AE551","401 GAREY ST","Single-Space","JUMP","$1.5/H - $6/10H","10HR","(34.051749, -118.234336)"
"BH113","501 CUMMINGS ST","Single-Space","FLAT","$1.50","2HR","(34.049102, -118.212307)"
"VM51","8501 VERMONT AVE","Single-Space","FLAT","$1.50","2HR","(33.960714, -118.291919)"
"OF84","5901 SAN VICENTE BLVD","Single-Space","FLAT","$1.50","2HR","(34.057561, -118.36173)"
"BW65","11600 CHAYOTE ST","Single-Space","FLAT","$2.50","1HR","(34.065482, -118.46949)"
"P101","800 SWARTHMORE AVE","Single-Space","FLAT","$1.00","2HR","(34.046314, -118.526015)"
"TZ542","18400 VENTURA BLVD","Single-Space","FLAT","$1.50","1HR","(34.168093, -118.534595)"
"CB2499A","600 WALL ST","Single-Space","FLAT","$1.00","4HR","(34.042719, -118.247719)"
"R233","18400 SHERMAN WAY","Single-Space","FLAT","$1.50","2HR","(34.201022, -118.534517)"
"GA193","3900 EDENHURST AVE","Single-Space","FLAT","$1.50","2HR","(34.124321, -118.266422)"
"CC20","300 TEMPLE ST","Single-Space","TOD","$1.50 - $7.00","4HR","(34.051572, -118.238801)"
"PB264","5650 PICO BLVD","Single-Space","FLAT","$1.50","2HR","(34.050218, -118.361462)"
"MV28","3700 GRAND VIEW BLVD","Single-Space","FLAT","$1.50","1HR","(34.005214, -118.431326)"
"WW1711B","601 SERRANO AVE","Single-Space","FLAT","$1.50","1HR","(34.062977, -118.306671)"
"CB862","1200 LOS ANGELES ST","Single-Space","TOD","$1.00 - $6.00","2HR","(34.036097, -118.258916)"
"BF136","400 FAIRFAX AVE","Single-Space","FLAT","$1.50","2HR","(34.079342, -118.361347)"
"SV217","6500 SUNSET BLVD","Single-Space","TOD","$1.00 - $1.50","2HR","(34.097887, -118.332129)"
"VH200","2101 HILLHURST AVE","Single-Space","FLAT","$1.50","2HR","(34.111556, -118.287537)"
"MM484","5601 4TH ST","Single-Space","FLAT","$1.50","1HR","(34.066934, -118.343607)"
"CB2247","501 PICO BLVD","Single-Space","TOD","$1.00 - $1.50","2HR","(34.033642, -118.25544)"
"LC452A","8401 MELROSE PL","Single-Space","FLAT","$1.50","2HR","(34.083678, -118.375089)"
"SL299","1400 MICHELTORENA ST","Single-Space","FLAT","$1.50","30MIN","(34.08771, -118.275638)"
"VW968","3601 3RD ST","Single-Space","FLAT","$1.50","1HR","(34.069139, -118.294454)"
"RA105","400 ROBERTSON BLVD","Single-Space","FLAT","$2.50","2HR","(34.070667, -118.383671)"
"PR99","1101 CLARK DR","Single-Space","FLAT","$1.50","2HR","(34.055241, -118.384815)"
"WS28A","1600 WESTWOOD BLVD","Single-Space","FLAT","$1.50","2HR","(34.052339, -118.439043)"
"WU646B","700 GARLAND AVE","Single-Space","FLAT","$1.50","2HR","(34.051471, -118.266388)"
"LC155","8400 BEVERLY BLVD","Single-Space","FLAT","$1.50","2HR","(34.07593, -118.374991)"
"AE69","500 TRACTION AVE","Single-Space","FLAT","$1.50","2HR","(34.0463, -118.237281)"
"WV30","10950 WEYBURN AVE","Single-Space","TOD","$1.50 - $3.00","2HR","(34.061704, -118.448247)"
"LT438","300 CENTRAL AVE","Single-Space","FLAT","$1.00","4HR","(34.044788, -118.239507)"
"SL119","3601 TRACY ST","Single-Space","FLAT","$1.50","2HR","(34.103738, -118.27268)"
"CB2272","1100 SAN JULIAN ST","Single-Space","FLAT","$1.00","2HR","(34.034704, -118.253991)"
"CT579","1000 NORTH BROADWAY","Single-Space","FLAT","$1.00","4HR","(34.067304, -118.235181)"
"GA213","3900 REVERE AVE","Single-Space","FLAT","$1.50","2HR","(34.125688, -118.263643)"
"VN379","14501 ERWIN ST","Single-Space","FLAT","$1.50","2HR","(34.183699, -118.449881)"
"P141","15100 SUNSET BLVD","Single-Space","FLAT","$1.00","2HR","(34.045561, -118.523744)"
"TZ617","5501 YOLANDA AVE","Single-Space","FLAT","$1.50","2HR","(34.172051, -118.540805)"
"VW532","501 COMMONWEALTH AVE","Single-Space","FLAT","$1.50","2HR","(34.064084, -118.285762)"
"WS388","1900 SEPULVEDA BLVD","Single-Space","FLAT","$1.50","1HR","(34.044145, -118.441171)"
"HW373","5400 RUSSELL AVE","Single-Space","FLAT","$1.50","1HR","(34.104136, -118.308956)"
"LT331","400 BOYD ST","Single-Space","FLAT","$1.00","2HR","(34.046005, -118.241851)"
"WP113","400 WASHINGTON BLVD","Single-Space","TOD","$0.50 - $1.00","2HR","(33.981996, -118.461783)"
"WU746","1601 JAMES M. WOOD BLVD","Single-Space","FLAT","$1.50","2HR","(34.051063, -118.273471)"
"ED603","1100 CROCKER ST","Single-Space","TOD","$1.00 - $2.50","2HR","(34.033131, -118.25151)"
"WW207","201 WESTERN AVE","Single-Space","FLAT","$1.50","1HR","(34.074791, -118.309243)"
"LM830","601 ORANGE DR","Single-Space","FLAT","$1.50","2HR","(34.083175, -118.341651)"
"ED684","801 10TH ST","Single-Space","TOD","$1.00 - $2.00","4HR","(34.033947, -118.248955)"
"WS491","1600 PONTIUS AVE","Single-Space","FLAT","$1.50","1HR","(34.048532, -118.445775)"
"LC156","101 CROFT AVE","Single-Space","FLAT","$1.50","2HR","(34.075768, -118.374261)"
"SP510","300 7TH ST","Single-Space","FLAT","$1.50","2HR","(33.737909, -118.283843)"
"PB134","5501 PICO BLVD","Single-Space","FLAT","$1.50","2HR","(34.049136, -118.357783)"
"SVV51","800 VERMONT AVE","Single-Space","FLAT","$1.50","2HR","(34.086034, -118.291601)"
"CB332A","1301 MAIN ST","Single-Space","TOD","$0.50 - $3.00","2HR","(34.036121, -118.260682)"
"CB2370","1400 SAN PEDRO ST","Single-Space","FLAT","$1.00","4HR","(34.031868, -118.254498)"
"ED493A","701 TOWNE AVE","Single-Space","TOD","$1.00 - $2.50","2HR","(34.037462, -118.247493)"
"CB840","1201 SANTEE ST","Single-Space","TOD","$1.00 - $5.00","2HR","(34.036122, -118.257555)"
"CB308","101 14TH ST","Single-Space","FLAT","$1.00","4HR","(34.035182, -118.261692)"
"SL262","3001 SUNSET BLVD","Single-Space","FLAT","$1.50","2HR","(34.084011, -118.274021)"
"RA130A","8700 3RD ST","Single-Space","FLAT","$2.50","30MIN","(34.073508, -118.383011)"
"HO484B","6351 YUCCA ST","Single-Space","TOD","$1.00 - $5.00","2HR","(34.104087, -118.328605)"
"TZ384","19300 VENTURA BLVD","Single-Space","FLAT","$1.50","2HR","(34.172559, -118.554058)"
"WF202","301 SWEETZER AVE","Single-Space","FLAT","$1.50","2HR","(34.072471, -118.370115)"
"SV214","6500 SUNSET BLVD","Single-Space","TOD","$1.00 - $1.50","2HR","(34.097887, -118.332779)"
"VN394","6200 VESPER AVE","Single-Space","FLAT","$1.50","2HR","(34.184389, -118.450831)"
"HW524","5501 SUNSET BLVD","Single-Space","FLAT","$1.50","1HR","(34.098201, -118.310215)"
"MM591","701 GENESEE AVE","Single-Space","FLAT","$1.50","2HR","(34.061958, -118.359337)"
"LM335","7300 MELROSE AVE","Single-Space","FLAT","$1.50","2HR","(34.083486, -118.350207)"
"52177","1161 JEFFERSON BLVD","Multi-Space","FLAT","$1.50","4HR","(34.025598, -118.290582)"
"WV301","1100 WESTWOOD BLVD","Single-Space","TOD","$1.50 - $3.00","2HR","(34.059878, -118.444687)"
"HP165","101 AVENUE 58","Single-Space","FLAT","$1.50","2HR","(34.110333, -118.191949)"
"MD929","1101 CHICAGO ST","Single-Space","FLAT","$1.50","4HR","(34.056928, -118.205596)"
"CC965B","1000 SUNSET BLVD","Single-Space","JUMP","$1/H - $4/6H","6HR","(34.064143, -118.248235)"
"HO213","1601 IVAR AVE","Single-Space","TOD","$0.50 - $2.00","2HR","(34.101293, -118.328244)"
"ED521B","1000 TOWNE AVE","Single-Space","TOD","$1.00 - $2.00","2HR","(34.033729, -118.249867)"
"LH17","200 AVENUE 24","Single-Space","FLAT","$1.50","30MIN","(34.073291, -118.21686)"
"PC10","4101 PICO BLVD","Single-Space","FLAT","$1.50","2HR","(34.047733, -118.324813)"
"RA158A","8500 3RD ST","Single-Space","FLAT","$2.50","2HR","(34.073499, -118.379212)"
"WU285","600 LUCAS AVE","Single-Space","FLAT","$1.50","2HR","(34.053206, -118.264638)"
"SG229A","1500 DETROIT ST","Single-Space","FLAT","$1.50","2HR","(34.098531, -118.345508)"
"VS448","4701 FOUNTAIN AVE","Single-Space","FLAT","$1.50","4HR","(34.095621, -118.292218)"
"SL512","2401 SILVER LAKE BLVD","Single-Space","JUMP","$1.5/H - $6/10H","10HR","(34.100905, -118.258644)"
"BF224","7601 MELROSE AVE","Single-Space","FLAT","$1.50","2HR","(34.083768, -118.35559)"
"HW83","1400 KINGSLEY DR","Single-Space","FLAT","$1.50","1HR","(34.097647, -118.303081)"
"VS336","4900 SUNSET BLVD","Single-Space","FLAT","$1.50","2HR","(34.098024, -118.296664)"
"CB3272","600 8TH ST","Single-Space","TOD","$1.50 - $7.00","2HR","(34.038667, -118.249236)"
"PR246","9001 PICO BLVD","Single-Space","FLAT","$1.50","2HR","(34.055372, -118.388543)"
"WW349","3951 6TH ST","Single-Space","FLAT","$1.50","1HR","(34.0636, -118.310095)"
"ER81","5000 EAGLE ROCK BLVD","Single-Space","FLAT","$1.50","1HR","(34.137467, -118.214386)"
"CB4275","1001 SAN JULIAN ST","Single-Space","TOD","$0.50 - $1.00","4HR","(34.036435, -118.25277)"
"SVV109","4600 SANTA MONICA BLVD","Single-Space","FLAT","$1.50","1HR","(34.090789, -118.290528)"
"CS102","5300 CRENSHAW BLVD","Single-Space","FLAT","$1.50","2HR","(33.993728, -118.330546)"
"CB3877","301 9TH ST","Single-Space","TOD","$1.00 - $7.00","2HR","(34.039862, -118.253008)"
"SW74","5401 SANTA MONICA BLVD","Single-Space","FLAT","$1.50","1HR","(34.090872, -118.307643)"
"WW1958","3751 7TH ST","Single-Space","FLAT","$1.50","2HR","(34.059768, -118.308836)"
"WW2162","3350 WILSHIRE BLVD","Single-Space","FLAT","$1.50","1HR","(34.061661, -118.297713)"
"VW1146","651 LA FAYETTE PARK PL","Single-Space","FLAT","$1.50","2HR","(34.060761, -118.283792)"
"ED227","700 12TH ST","Single-Space","FLAT","$1.00","2HR","(34.033029, -118.252124)"
"SH275","1001 LAS PALMAS AVE","Single-Space","FLAT","$1.50","4HR","(34.089376, -118.336349)"
"LC40","8400 WILLOUGHBY AVE","Single-Space","FLAT","$1.50","2HR","(34.086954, -118.376009)"
"LC12","700 LA CIENEGA BLVD","Single-Space","FLAT","$1.50","2HR","(34.084647, -118.376367)"
"SVV220","4600 VERMONT PL","Single-Space","FLAT","$1.50","2HR","(34.092362, -118.290874)"
"WW203","201 WESTERN AVE","Single-Space","FLAT","$1.50","1HR","(34.075209, -118.309245)"
"SVV511","4600 WILLOW BROOK AVE","Single-Space","JUMP","$1.5/H - $6/6H","6HR","(34.089383, -118.292531)"
"WS358","1800 WESTWOOD BLVD","Single-Space","FLAT","$1.50","1HR","(34.048515, -118.435604)"
"CB27","700 5TH ST","Single-Space","TOD","$5.00 - $7.00","2HR","(34.051157, -118.255551)"
"HO104","1601 SCHRADER BLVD","Single-Space","TOD","$1.00 - $4.00","2HR","(34.100429, -118.332545)"
"SG38","1501 CURSON AVE","Single-Space","FLAT","$1.50","2HR","(34.098289, -118.355078)"
"PR380","9501 PICO BLVD","Single-Space","FLAT","$1.50","1HR","(34.055349, -118.396458)"
"CB1448","1001 HOPE ST","Single-Space","TOD","$1.00 - $2.00","4HR","(34.042719, -118.262742)"
"ED50","501 CENTRAL AVE","Single-Space","FLAT","$1.00","4HR","(34.041105, -118.239991)"
"L70","101 LARCHMONT BLVD","Single-Space","FLAT","$1.50","2HR","(34.073616, -118.323754)"
"WP105","400 WASHINGTON BLVD","Single-Space","TOD","$0.50 - $1.00","2HR","(33.981624, -118.462369)"
"VN1101","14400 KITTRIDGE ST","Single-Space","FLAT","$1.50","2HR","(34.190626, -118.447482)"
"C415","3500 FIGUEROA ST","Single-Space","FLAT","$1.50","4HR","(34.01935, -118.281461)"
"C470","3000 FIGUEROA ST","Single-Space","FLAT","$1.50","1HR","(34.024335, -118.278281)"
"PR354","1100 ELM DR","Single-Space","FLAT","$1.50","2HR","(34.055614, -118.39483)"
"HP183","5701 FIGUEROA ST","Single-Space","FLAT","$1.50","1HR","(34.109903, -118.192418)"
"PB72","5101 PICO BLVD","Single-Space","FLAT","$1.50","2HR","(34.04821, -118.350954)"
"SS159","1500 COLBY AVE","Single-Space","FLAT","$1.50","2HR","(34.045325, -118.453098)"
"VW1794","1201 ARAPAHOE ST","Single-Space","FLAT","$1.50","2HR","(34.047525, -118.285411)"
"WA1568","1501 PICO BLVD","Single-Space","FLAT","$1.50","1HR","(34.044206, -118.275735)"
"VN994","14401 GILMORE ST","Single-Space","FLAT","$1.50","2HR","(34.187713, -118.446818)"
"WA1747","2100 VALLEY ST","Single-Space","FLAT","$1.50","4HR","(34.065038, -118.272135)"
"ED77","1101 8TH ST","Single-Space","FLAT","$1.00","4HR","(34.035102, -118.244933)"
"WV507","10801 LE CONTE AVE","Single-Space","TOD","$1.00 - $3.00","2HR","(34.06378, -118.444676)"
"WW143","200 WESTERN AVE","Single-Space","FLAT","$1.50","1HR","(34.075292, -118.309049)"
"CC544","301 HILL ST","Single-Space","FLAT","$6.00","4HR","(34.050879, -118.249992)"
"SL284","3201 SUNSET BLVD","Single-Space","FLAT","$1.50","2HR","(34.086324, -118.275119)"
"56492","10768 SANTA MONICA BLVD","Multi-Space","FLAT","$1.50","2HR","(34.05068, -118.433694)"
"WS813","11100 MISSOURI AVE","Single-Space","FLAT","$1.50","2HR","(34.044268, -118.441869)"
"56622","10630 SANTA MONICA BLVD","Multi-Space","FLAT","$1.50","2HR","(34.052812, -118.430437)"
"CC713","401 CESAR E CHAVEZ AVE","Single-Space","FLAT","$1.00","4HR","(34.059221, -118.241179)"
"WV340","1000 GLENDON AVE","Single-Space","TOD","$1.50 - $2.00","2HR","(34.061186, -118.444296)"
"SVV14A","4700 SANTA MONICA BLVD","Single-Space","FLAT","$1.50","1HR","(34.090781, -118.293341)"
"CB1176","201 PICO BLVD","Single-Space","FLAT","$1.00","4HR","(34.037848, -118.262328)"
"HO490A","6351 YUCCA ST","Single-Space","TOD","$1.00 - $5.00","2HR","(34.104083, -118.329234)"
"UC81","3401 CAHUENGA BLVD","Single-Space","JUMP","$1.5/H - $6/10H","10HR","(34.132272, -118.353746)"
"CB3349A","400 9TH ST","Single-Space","TOD","$1.50 - $7.00","2HR","(34.039054, -118.252377)"
"CC899","200 FIGUEROA ST","Single-Space","TOD","$1.00 - $3.00","4HR","(34.058767, -118.250447)"
"W33","9900 VICKSBURG AVE","Single-Space","FLAT","$1.50","2HR","(33.946017, -118.39385)"
"WV678","10800 WEYBURN AVE","Single-Space","TOD","$1.00 - $3.00","2HR","(34.06214, -118.443107)"
"CB3762","601 LOS ANGELES ST","Single-Space","TOD","$3.00 - $5.00","2HR","(34.043677, -118.250105)"
"WS671","1701 MANNING AVE","Single-Space","FLAT","$1.50","2HR","(34.052746, -118.431793)"
"CC797","101 FREMONT AVE","Single-Space","TOD","$1.00 - $2.00","4HR","(34.058874, -118.252784)"
"PR58","1100 ROBERTSON BLVD","Single-Space","FLAT","$1.50","2HR","(34.056897, -118.383564)"
"SP274","800 PACIFIC AVE","Single-Space","FLAT","$1.50","2HR","(33.736693, -118.287819)"
"ED502","801 CROCKER ST","Single-Space","FLAT","$1.00","4HR","(34.037506, -118.24849)"
"ER98B","5000 EAGLE ROCK BLVD","Single-Space","FLAT","$1.50","1HR","(34.138761, -118.213997)"
"PB186","5701 PICO BLVD","Single-Space","FLAT","$1.50","2HR","(34.051038, -118.363667)"
"CC1600","801 4TH ST","Single-Space","JUMP","$1/H - $4/10H","10HR","(34.05258, -118.253753)"
"WW777","600 MARIPOSA AVE","Single-Space","FLAT","$1.50","1HR","(34.062668, -118.299114)"
"VN799","14400 DELANO ST","Single-Space","FLAT","$1.50","2HR","(34.182601, -118.447269)"
"WA663","601 CORONADO ST","Single-Space","FLAT","$1.50","1HR","(34.060873, -118.281266)"
"LM353","601 POINSETTIA PL","Single-Space","FLAT","$1.50","2HR","(34.083331, -118.348711)"
"CP248","22001 SHERMAN WAY","Single-Space","FLAT","$1.50","2HR","(34.201132, -118.607599)"
"AE616","701 JACKSON ST","Single-Space","JUMP","$1.5/H - $6/10H","10HR","(34.050946, -118.231783)"
"RA105C","8700 COLGATE AVE","Single-Space","FLAT","$2.50","2HR","(34.07076, -118.383348)"
"AE127","201 HEWITT ST","Single-Space","FLAT","$1.50","2HR","(34.04698, -118.23619)"
"VN211","14501 GILMORE ST","Single-Space","FLAT","$1.50","2HR","(34.187712, -118.449932)"
"BF664","600 SWEETZER AVE","Single-Space","FLAT","$1.50","2HR","(34.083404, -118.370248)"
"CB4066A","500 11TH ST","Single-Space","TOD","$1.00 - $2.00","4HR","(34.035981, -118.253454)"
"WS379A","1900 SEPULVEDA BLVD","Single-Space","FLAT","$1.50","1HR","(34.043623, -118.44072)"
"VW1901","3300 4TH ST","Single-Space","FLAT","$1.50","2HR","(34.067317, -118.292254)"
"CB4408","1101 SAN PEDRO ST","Single-Space","FLAT","$1.00","4HR","(34.034581, -118.252801)"
"VN370","6251 VAN NUYS BLVD","Single-Space","FLAT","$1.50","2HR","(34.183962, -118.448862)"
"CB2742","701 SAN PEDRO ST","Single-Space","TOD","$1.00 - $4.00","2HR","(34.040041, -118.247608)"
"CB446","200 PICO BLVD","Single-Space","TOD","$1.00 - $3.00","2HR","(34.035333, -118.258748)"
"PB20","1301 ORANGE DR","Single-Space","FLAT","$1.50","2HR","(34.048196, -118.346915)"
"SL81","2200 HYPERION AVE","Single-Space","FLAT","$1.50","4HR","(34.100033, -118.273268)"
"MD740","2001 ALCAZAR ST","Single-Space","FLAT","$1.50","15MIN","(34.06353, -118.201788)"
"CC757","301 FREMONT AVE","Single-Space","TOD","$1.00 - $1.50","2HR","(34.060609, -118.24967)"
"MM532","301 LA BREA AVE","Single-Space","FLAT","$1.50","1HR","(34.067742, -118.344146)"
"CB79","301 OLYMPIC BLVD","Single-Space","TOD","$1.00 - $7.00","2HR","(34.038782, -118.254565)"
"CC1579","200 BROADWAY","Single-Space","FLAT","$3.00","2HR","(34.051907, -118.247011)"
"WS315","10801 MISSISSIPPI AVE","Single-Space","FLAT","$1.50","2HR","(34.045465, -118.432675)"
"ED310","1100 12TH ST","Single-Space","JUMP","$1/H - $4/10H","10HR","(34.030518, -118.246209)"
"WA649","600 CORONADO ST","Single-Space","FLAT","$1.50","1HR","(34.061536, -118.280668)"
"WV129","10951 WEYBURN AVE","Single-Space","TOD","$1.50 - $2.00","30MIN","(34.062203, -118.447756)"
"LT169","101 SAN PEDRO ST","Single-Space","FLAT","$5.00","15MIN","(34.050065, -118.241276)"
"WF207","8200 3RD ST","Single-Space","FLAT","$1.50","2HR","(34.072507, -118.369336)"
"VN1089","6550 VAN NUYS BLVD","Single-Space","FLAT","$1.50","30MIN","(34.190161, -118.448572)"
"LC112","701 LA CIENEGA BLVD","Single-Space","FLAT","$1.50","2HR","(34.084439, -118.376596)"
"C42","1301 30TH ST","Single-Space","FLAT","$1.50","1HR","(34.027826, -118.291955)"
"WU156","1601 6TH ST","Single-Space","FLAT","$1.50","1HR","(34.057277, -118.269578)"
"ED170B","1101 12TH ST","Single-Space","JUMP","$1/H - $4/10H","10HR","(34.031182, -118.24752)"
"SV773","1301 HIGHLAND AVE","Single-Space","FLAT","$1.00","2HR","(34.095148, -118.338753)"
"CB4091","101 17TH ST","Single-Space","FLAT","$1.00","4HR","(34.032705, -118.262719)"
"WW1595","3300 8TH ST","Single-Space","FLAT","$1.50","1HR","(34.057608, -118.302689)"
"MM119","701 DETROIT ST","Single-Space","FLAT","$1.50","2HR","(34.061798, -118.345379)"
"SS560","1600 BUTLER AVE","Single-Space","FLAT","$1.50","2HR","(34.044615, -118.451041)"
"CC826","300 FREMONT AVE","Single-Space","TOD","$1.00 - $1.50","2HR","(34.060152, -118.250266)"
"SL399","3200 SUNSET BLVD","Single-Space","FLAT","$1.50","2HR","(34.085961, -118.275229)"
"WV571","10800 LE CONTE AVE","Single-Space","TOD","$1.00 - $3.00","2HR","(34.063766, -118.442028)"
"93205","3930 SUNSET BLVD","Multi-Space","FLAT","$1.50","2HR","(34.092002, -118.280072)"
"WA1589","1701 PICO BLVD","Single-Space","FLAT","$1.50","1HR","(34.045204, -118.277946)"
"LM314","601 VISTA ST","Single-Space","FLAT","$1.50","2HR","(34.083342, -118.352288)"
"SS334","1500 STONER AVE","Single-Space","FLAT","$1.50","2HR","(34.043076, -118.456815)"
"MM478A","500 LA BREA AVE","Single-Space","FLAT","$1.50","2HR","(34.065435, -118.343897)"
"SG230","1500 DETROIT ST","Single-Space","FLAT","$1.50","2HR","(34.098602, -118.345507)"
"VN494","6201 VESPER AVE","Single-Space","FLAT","$1.50","2HR","(34.184049, -118.450964)"
"BF516","7701 BEVERLY BLVD","Single-Space","FLAT","$1.50","1HR","(34.076218, -118.358976)"
"SL447","2600 SUNSET BLVD","Single-Space","FLAT","$1.50","2HR","(34.080287, -118.270312)"
"WF218","8200 3RD ST","Single-Space","FLAT","$1.50","2HR","(34.072402, -118.368487)"
"WW514","650 HARVARD BLVD","Single-Space","FLAT","$1.50","2HR","(34.060093, -118.304098)"
"VN168","14501 HAMLIN ST","Single-Space","FLAT","$1.50","2HR","(34.188747, -118.450087)"
"61322","1501 MAIN ST","Multi-Space","TOD","$0.50 - $2.00","1HR","(33.988649, -118.471642)"
"VN291","14501 FRIAR ST","Single-Space","FLAT","$1.50","2HR","(34.185734, -118.450055)"
"CB2229","1101 SAN JULIAN ST","Single-Space","FLAT","$1.00","4HR","(34.035501, -118.25352)"
"WV91","10901 KINROSS AVE","Single-Space","TOD","$0.50 - $3.00","2HR","(34.060678, -118.445892)"
"PB208","1301 ORANGE GROVE AVE","Single-Space","FLAT","$1.50","2HR","(34.051682, -118.365575)"
"VN488","6301 VESPER AVE","Single-Space","FLAT","$1.50","2HR","(34.184921, -118.450965)"
"C45","1300 30TH ST","Single-Space","FLAT","$1.50","1HR","(34.027708, -118.291951)"
"BF557","8101 MELROSE AVE","Single-Space","FLAT","$1.50","2HR","(34.083831, -118.36664)"
"WU443","670 WITMER ST","Single-Space","FLAT","$1.50","2HR","(34.053317, -118.26689)"
"CB48","1300 FIGUEROA ST","Single-Space","FLAT","$1.00","4HR","(34.039321, -118.26875)"
"BF726","7500 BEVERLY BLVD","Single-Space","FLAT","$1.50","2HR","(34.076035, -118.354547)"
"TZ202","18901 VENTURA BLVD","Single-Space","FLAT","$1.50","2HR","(34.172545, -118.545591)"
"WA1200","2200 WILSHIRE BLVD","Single-Space","FLAT","$1.50","4HR","(34.058769, -118.276954)"
"ED93","701 8TH ST","Single-Space","TOD","$1.00 - $1.50","2HR","(34.037417, -118.247729)"
"PM218","3800 VINTON AVE","Single-Space","FLAT","$1.50","1HR","(34.020881, -118.402231)"
"PB132","5501 PICO BLVD","Single-Space","FLAT","$1.50","2HR","(34.049085, -118.357632)"
"C136","3601 VERMONT AVE","Single-Space","FLAT","$1.50","4HR","(34.021293, -118.291682)"
"PB115","1301 RIDGELEY DR","Single-Space","FLAT","$1.50","4HR","(34.048812, -118.355708)"
"PB196A","1300 OGDEN DR","Single-Space","FLAT","$1.50","2HR","(34.051346, -118.364351)"
"HO924","6101 SELMA AVE","Single-Space","TOD","$1.00 - $3.00","2HR","(34.099876, -118.323404)"
"SVV92","4501 WILLOW BROOK AVE","Single-Space","FLAT","$1.50","2HR","(34.089795, -118.291236)"
"TZ568","18300 VENTURA BLVD","Single-Space","FLAT","$1.50","1HR","(34.167007, -118.531916)"
"LC266","8101 BEVERLY BLVD","Single-Space","FLAT","$1.50","2HR","(34.076185, -118.366456)"
"HO77","1600 CHEROKEE AVE","Single-Space","TOD","$1.00 - $3.00","2HR","(34.100571, -118.334966)"
"SV695A","7001 DE LONGPRE AVE","Single-Space","FLAT","$1.00","2HR","(34.096205, -118.343385)"
"VW297","600 SHATTO PL","Single-Space","FLAT","$1.50","1HR","(34.062682, -118.28982)"
"WW1381","501 WESTERN AVE","Single-Space","FLAT","$1.50","1HR","(34.081328, -118.309244)"
"AE367","701 BANNING ST","Single-Space","FLAT","$1.50","2HR","(34.049348, -118.233238)"
"HW51","5300 SUNSET BLVD","Single-Space","FLAT","$1.50","1HR","(34.098011, -118.306436)"
"WU989","601 ST PAUL AVE","Single-Space","FLAT","$1.50","1HR","(34.052842, -118.261453)"
"CB2786","101 OLYMPIC BLVD","Single-Space","TOD","$1.00 - $5.00","2HR","(34.040068, -118.256134)"
"HP224","101 AVENUE 55","Single-Space","FLAT","$1.50","2HR","(34.108486, -118.195606)"
"WW1283","3801 3RD ST","Single-Space","FLAT","$1.50","1HR","(34.069122, -118.298782)"
"V75","100 VENICE WAY","Single-Space","TOD","$1.50 - $2.00","1HR","(33.987243, -118.471043)"
"HO278B","6300 SELMA AVE","Single-Space","TOD","$1.00 - $4.00","2HR","(34.099727, -118.327912)"
"CB4450","900 OLIVE ST","Single-Space","FLAT","$1.00","4HR","(34.043115, -118.258656)"
"P262","16601 MARQUEZ AVE","Single-Space","FLAT","$1.00","2HR","(34.048179, -118.544565)"
"WW2140","3600 WILSHIRE BLVD","Single-Space","FLAT","$1.50","1HR","(34.061614, -118.305622)"
"MD133","1801 MARENGO ST","Single-Space","FLAT","$1.50","4HR","(34.058255, -118.210877)"
"VN868","14400 SYLVAN ST","Single-Space","FLAT","$1.50","2HR","(34.184584, -118.448086)"
"CB3805","401 WALL ST","Single-Space","TOD","$2.00 - $6.00","2HR","(34.046119, -118.244948)"
"SL328","4301 SUNSET BLVD","Single-Space","FLAT","$1.50","2HR","(34.095186, -118.283244)"
"WB93","2001 BROADWAY","Single-Space","FLAT","$1.50","4HR","(34.030016, -118.266831)"
"LP257","3400 43RD ST","Single-Space","FLAT","$1.50","2HR","(34.005911, -118.332579)"
"56856","10330 SANTA MONICA BLVD","Multi-Space","FLAT","$1.50","2HR","(34.058213, -118.422535)"
"WA1165","2301 WILSHIRE BLVD","Single-Space","FLAT","$1.50","4HR","(34.059645, -118.278737)"
"BH56","2301 CESAR E CHAVEZ AVE","Single-Space","FLAT","$1.50","1HR","(34.047088, -118.20821)"
"SA138","1201 ECHO PARK AVE","Single-Space","FLAT","$1.50","1HR","(34.076581, -118.257551)"
"BF172","7600 MELROSE AVE","Single-Space","FLAT","$1.50","2HR","(34.083607, -118.355736)"
"LM471","7101 BEVERLY BLVD","Single-Space","FLAT","$1.50","1HR","(34.076263, -118.345535)"
"HP152","101 AVENUE 59","Single-Space","FLAT","$1.50","2HR","(34.110895, -118.191128)"
"SP549","400 7TH ST","Single-Space","FLAT","$1.50","2HR","(33.737921, -118.287324)"
"WF10","8001 3RD ST","Single-Space","FLAT","$1.50","2HR","(34.072023, -118.364369)"
"HW282","5001 HOLLYWOOD BLVD","Single-Space","FLAT","$1.50","1HR","(34.101849, -118.299725)"
"WW2390","3001 PICO BLVD","Single-Space","FLAT","$1.50","1HR","(34.047278, -118.308226)"
"WV277","1001 WESTWOOD BLVD","Single-Space","TOD","$1.00 - $1.50","2HR","(34.061138, -118.44553)"
"LH234","2201 NORTH BROADWAY","Single-Space","FLAT","$1.50","1HR","(34.073723, -118.217293)"
"LC137A","301 LA CIENEGA BLVD","Single-Space","FLAT","$1.50","2HR","(34.0779, -118.376707)"
"CB3973","301 16TH ST","Single-Space","FLAT","$1.00","4HR","(34.032228, -118.259995)"
"VN1014","14400 HAMLIN ST","Single-Space","FLAT","$1.50","2HR","(34.188601, -118.448338)"
"SP468","600 PALOS VERDES ST","Single-Space","FLAT","$1.50","2HR","(33.738413, -118.281286)"
"MD901","1201 CUMMINGS ST","Single-Space","FLAT","$1.50","4HR","(34.058685, -118.205708)"
"SP305","400 8TH ST","Single-Space","FLAT","$1.50","2HR","(33.737007, -118.287589)"
"PB100","1301 DUNSMUIR AVE","Single-Space","FLAT","$1.50","2HR","(34.048667, -118.353739)"
"ED530","1301 PALOMA ST","Single-Space","JUMP","$1/H - $4/10H","10HR","(34.030005, -118.248711)"
"SW510","5401 ROMAINE ST","Single-Space","FLAT","$1.50","2HR","(34.088544, -118.309867)"
"RA114","400 ROBERTSON BLVD","Single-Space","FLAT","$2.50","2HR","(34.071466, -118.383674)"
"L124","200 LARCHMONT BLVD","Single-Space","FLAT","$1.50","2HR","(34.074863, -118.323519)"
"VN1169","6800 VAN NUYS BLVD","Single-Space","FLAT","$1.50","2HR","(34.196118, -118.448545)"
"WU897","1000 BURLINGTON AVE","Single-Space","FLAT","$1.50","2HR","(34.049503, -118.276929)"
"WA999","2100 OLYMPIC BLVD","Single-Space","FLAT","$1.50","2HR","(34.051971, -118.280701)"
"CB2376","1300 SAN PEDRO ST","Single-Space","FLAT","$1.00","2HR","(34.032438, -118.25411)"
"PR97","1100 CLARK DR","Single-Space","FLAT","$1.50","2HR","(34.05539, -118.384701)"
"WU1089","1101 INGRAHAM ST","Single-Space","FLAT","$1.50","2HR","(34.052081, -118.264293)"
"CB599","100 11TH ST","Single-Space","FLAT","$1.00","4HR","(34.038629, -118.257519)"
"HO649","1701 WHITLEY AVE","Single-Space","TOD","$1.50 - $3.00","2HR","(34.101808, -118.333402)"
"VW478","650 WILSHIRE PL","Single-Space","FLAT","$1.50","2HR","(34.060666, -118.287754)"
"WA30","1900 7TH ST","Single-Space","FLAT","$1.50","1HR","(34.055536, -118.274989)"
"PB30","1300 SYCAMORE AVE","Single-Space","FLAT","$1.50","2HR","(34.048113, -118.348)"
"WB161","2101 HILL ST","Single-Space","TOD","$1.00 - $2.50","4HR","(34.029726, -118.268368)"
"WA535","2301 6TH ST","Single-Space","FLAT","$1.50","1HR","(34.060828, -118.277536)"
"WN30","700 AVALON BLVD","Single-Space","FLAT","$1.50","2HR","(33.779379, -118.262295)"
"VN1131","6600 VAN NUYS BLVD","Single-Space","FLAT","$1.50","2HR","(34.191335, -118.448572)"
"WH197","21801 VENTURA BLVD","Single-Space","FLAT","$1.50","2HR","(34.168554, -118.603371)"
"HO879","6701 SELMA AVE","Single-Space","FLAT","$2.00","2HR","(34.099763, -118.337215)"
"SW225","5001 MELROSE AVE","Single-Space","FLAT","$1.50","1HR","(34.083594, -118.30996)"
"MV200","3801 GRAND VIEW BLVD","Single-Space","FLAT","$1.50","1HR","(34.003145, -118.429942)"
"HO593","1700 WILCOX AVE","Single-Space","TOD","$1.00 - $5.00","2HR","(34.102216, -118.33098)"
"CB4181","1401 MYRTLE ST","Single-Space","JUMP","$1/H - $4/10H","10HR","(34.032046, -118.257111)"
"CB110","700 FIGUEROA ST","Single-Space","FLAT","$4.00","4HR","(34.048681, -118.260412)"
"VH214","4501 AVOCADO ST","Single-Space","FLAT","$1.50","2HR","(34.110769, -118.287968)"
"MD156","1601 MARENGO ST","Single-Space","JUMP","$1.5/H - $6/10H","10HR","(34.059142, -118.21282)"
"CB4395","800 SPRING ST","Single-Space","TOD","$1.00 - $5.00","2HR","(34.042808, -118.253791)"
"GA216","3900 REVERE AVE","Single-Space","FLAT","$1.50","2HR","(34.125441, -118.263418)"
"R254","18300 SHERMAN WAY","Single-Space","FLAT","$1.50","2HR","(34.201021, -118.533241)"
"LC210","8200 BEVERLY BLVD","Single-Space","FLAT","$1.50","2HR","(34.075971, -118.369405)"
"LH109","2400 SICHEL ST","Single-Space","FLAT","$1.50","2HR","(34.073921, -118.21301)"
"PR127","8900 PICO BLVD","Single-Space","FLAT","$1.50","2HR","(34.055128, -118.386084)"
"HO196","1600 IVAR AVE","Single-Space","TOD","$1.00 - $3.00","2HR","(34.10013, -118.328073)"
"93234","3724 SUNSET BLVD","Multi-Space","FLAT","$1.50","2HR","(34.090675, -118.278468)"
"GA18","3601 EDENHURST AVE","Single-Space","FLAT","$1.50","2HR","(34.118282, -118.261271)"
"WU1178","1100 8TH ST","Single-Space","JUMP","$1.5/H - $6/10H","10HR","(34.049643, -118.265994)"
"CB1290","1000 GRAND AVE","Single-Space","FLAT","$1.00","4HR","(34.042552, -118.260915)"
"PR180A","1400 ROBERTSON BLVD","Single-Space","FLAT","$1.50","2HR","(34.053177, -118.383829)"
"SL549","2800 ROWENA AVE","Single-Space","FLAT","$1.50","2HR","(34.108034, -118.267441)"
"MV203B","3800 GRAND VIEW BLVD","Single-Space","FLAT","$1.50","2HR","(34.003272, -118.429868)"
"SL422","2800 SUNSET BLVD","Single-Space","FLAT","$1.50","2HR","(34.082452, -118.272864)"
"WV7","10901 LE CONTE AVE","Single-Space","TOD","$1.00 - $2.00","2HR","(34.063705, -118.448632)"
"BH135","1900 CESAR E CHAVEZ AVE","Single-Space","FLAT","$1.50","1HR","(34.049006, -118.212928)"
"CB2574","700 WALL ST","Single-Space","TOD","$1.00 - $6.00","2HR","(34.041687, -118.248673)"
"PM41","3200 MOTOR AVE","Single-Space","FLAT","$1.50","1HR","(34.029829, -118.411013)"
"WA921","701 PARK VIEW ST","Single-Space","FLAT","$1.50","2HR","(34.057452, -118.28019)"
"SG146","7201 SUNSET BLVD","Single-Space","FLAT","$1.50","1HR","(34.098086, -118.347061)"
"56408","10938 SANTA MONICA BLVD","Multi-Space","FLAT","$1.50","2HR","(34.048871, -118.439184)"
"WU426","1400 WILSHIRE BLVD","Single-Space","FLAT","$1.50","1HR","(34.054224, -118.267787)"
"BF685B","601 LA JOLLA AVE","Single-Space","FLAT","$1.50","2HR","(34.083343, -118.368057)"
"CB2562","700 WALL ST","Single-Space","TOD","$1.00 - $6.00","2HR","(34.040813, -118.249584)"
"WA717","651 CORONADO ST","Single-Space","FLAT","$1.50","1HR","(34.060254, -118.281671)"
"CC255","500 HILL ST","Single-Space","TOD","$1.50 - $2.00","4HR","(34.058081, -118.241849)"
"WW959","601 HARVARD BLVD","Single-Space","FLAT","$1.50","2HR","(34.062216, -118.304184)"
"CB1570","1001 MAPLE AVE","Single-Space","TOD","$1.00 - $7.00","2HR","(34.037708, -118.25477)"
"LC134","401 LA CIENEGA BLVD","Single-Space","FLAT","$1.50","2HR","(34.078833, -118.376696)"
"WA326","801 ALVARADO ST","Single-Space","FLAT","$1.50","1HR","(34.054274, -118.278328)"
"WV438","1001 TIVERTON AVE","Single-Space","TOD","$1.00 - $3.00","30MIN","(34.060178, -118.443349)"
"CB39","1500 FIGUEROA ST","Single-Space","FLAT","$1.00","4HR","(34.037708, -118.269783)"
"SG107","1401 VISTA ST","Single-Space","FLAT","$1.50","2HR","(34.097634, -118.351804)"
"MD7","1600 MARENGO ST","Single-Space","JUMP","$1.5/H - $6/10H","10HR","(34.059761, -118.213745)"
"WW2155","3500 WILSHIRE BLVD","Single-Space","FLAT","$1.50","1HR","(34.061633, -118.30242)"
"SP664","501 MESA ST","Single-Space","FLAT","$1.50","2HR","(33.738939, -118.285777)"
"HO453","1700 VINE ST","Single-Space","TOD","$1.00 - $4.00","2HR","(34.102265, -118.326565)"
"WW1611","3300 8TH ST","Single-Space","FLAT","$1.50","1HR","(34.057623, -118.300127)"
"MM319A","601 MASSELIN AVE","Single-Space","FLAT","$1.50","30MIN","(34.062705, -118.352575)"
"R560","18500 Wyandotte St","Single-Space","FLAT","$1.50","2HR","(34.202895, -118.536618)"
"WA890A","650 PARK VIEW ST","Single-Space","FLAT","$1.50","2HR","(34.05923, -118.27966)"
"VN904","14400 FRIAR ST","Single-Space","FLAT","$1.50","2HR","(34.185624, -118.448347)"
"CB2809","401 4TH ST","Single-Space","TOD","$3.00 - $6.00","4HR","(34.050787, -118.251123)"
"WA530","2301 6TH ST","Single-Space","FLAT","$1.50","1HR","(34.060669, -118.277179)"
"VW1660","2600 PICO BLVD","Single-Space","FLAT","$1.50","1HR","(34.047163, -118.295632)"
"W168","6201 98TH ST","Single-Space","FLAT","$1.50","2HR","(33.947409, -118.395106)"
"BF36","401 FAIRFAX AVE","Single-Space","FLAT","$1.50","2HR","(34.079007, -118.361553)"
"VN280","6351 VAN NUYS BLVD","Single-Space","FLAT","$1.50","2HR","(34.185917, -118.448865)"
"CB3953","301 WINSTON ST","Single-Space","TOD","$1.00 - $4.00","2HR","(34.045137, -118.243802)"
"SG188C","1500 LAUREL CANYON BLVD","Single-Space","FLAT","$1.50","2HR","(34.098367, -118.365031)"
"WW1741","650 SERRANO AVE","Single-Space","FLAT","$1.50","1HR","(34.060155, -118.306518)"
"WU954","1300 OLYMPIC BLVD","Single-Space","FLAT","$1.50","2HR","(34.047471, -118.270667)"
"SVV261A","4801 SANTA MONICA BLVD","Single-Space","FLAT","$1.50","1HR","(34.09095, -118.29425)"
"HO9","1601 MCCADDEN PL","Single-Space","TOD","$1.50 - $5.00","4HR","(34.100017, -118.337024)"
"LM320","7400 MELROSE AVE","Single-Space","FLAT","$1.50","2HR","(34.083524, -118.351946)"
"WS301","2101 WESTWOOD BLVD","Single-Space","FLAT","$1.50","1HR","(34.044389, -118.432302)"
"SS276","11900 SANTA MONICA BLVD","Single-Space","FLAT","$1.50","2HR","(34.041739, -118.460347)"
"WA1038","1901 OLYMPIC BLVD","Single-Space","FLAT","$1.50","2HR","(34.051159, -118.278341)"
"WF231","8100 3RD ST","Single-Space","FLAT","$1.50","2HR","(34.072168, -118.366787)"
"CB2815","401 4TH ST","Single-Space","TOD","$3.00 - $6.00","4HR","(34.050557, -118.250767)"
"HW131","5401 SUNSET BLVD","Single-Space","FLAT","$1.50","1HR","(34.098211, -118.307508)"
"RS105","2801 ROBERTSON BLVD","Single-Space","FLAT","$1.50","1HR","(34.036098, -118.389102)"
"SW381","5000 MELROSE AVE","Single-Space","FLAT","$1.50","1HR","(34.083426, -118.309984)"
"CC1434","601 3RD ST","Single-Space","TOD","$5.00 - $6.00","2HR","(34.053562, -118.2519)"
"VN1141","6600 VAN NUYS BLVD","Single-Space","FLAT","$1.50","2HR","(34.192066, -118.448572)"
"AE555","401 GAREY ST","Single-Space","JUMP","$1.5/H - $6/10H","10HR","(34.051525, -118.23438)"
"LP82","4601 CRENSHAW BLVD","Single-Space","FLAT","$1.50","4HR","(34.000855, -118.330919)"
"SVV401","700 HELIOTROPE DR","Single-Space","FLAT","$1.50","4HR","(34.085033, -118.294867)"
"VW764","3401 6TH ST","Single-Space","FLAT","$1.50","2HR","(34.063676, -118.296155)"
"CB2305A","600 12TH ST","Single-Space","FLAT","$1.00","4HR","(34.033893, -118.253744)"
"CT82","600 NORTH BROADWAY","Single-Space","FLAT","$1.00","2HR","(34.059346, -118.239685)"
"LM822","6900 MELROSE AVE","Single-Space","FLAT","$1.50","1HR","(34.083359, -118.342505)"
"WW1804","4100 5TH ST","Single-Space","FLAT","$1.50","2HR","(34.065274, -118.308755)"
"AE466","400 GAREY ST","Single-Space","JUMP","$1.5/H - $6/10H","10HR","(34.051525, -118.234251)"
"LM325C","601 MARTEL AVE","Single-Space","FLAT","$1.50","2HR","(34.083209, -118.351165)"
"AE231","100 HEWITT ST","Single-Space","FLAT","$1.50","2HR","(34.048411, -118.236052)"
"SVV241","1101 VERMONT AVE","Single-Space","FLAT","$1.50","1HR","(34.091387, -118.291862)"
"BF576A","8201 MELROSE AVE","Single-Space","FLAT","$1.50","2HR","(34.083803, -118.368644)"
"SG249","1500 FULLER AVE","Single-Space","FLAT","$1.50","2HR","(34.098637, -118.348885)"
"WW1952A","3700 7TH ST","Single-Space","FLAT","$1.50","2HR","(34.059617, -118.308503)"
"WA1224","300 ALVARADO ST","Single-Space","FLAT","$1.50","1HR","(34.061769, -118.27332)"
"CB1149","901 HILL ST","Single-Space","TOD","$1.50 - $3.00","4HR","(34.042423, -118.257819)"
"CB1950","201 14TH ST","Single-Space","TOD","$1.00 - $2.00","2HR","(34.034529, -118.25966)"
"WS224","1701 WESTWOOD BLVD","Single-Space","FLAT","$1.50","2HR","(34.051447, -118.438613)"
"LT24","300 3RD ST","Single-Space","TOD","$0.50 - $1.50","2HR","(34.047661, -118.243379)"
"CP151","7101 OWENSMOUTH AVE","Single-Space","FLAT","$1.50","2HR","(34.200527, -118.601671)"
"CB426","1400 LOS ANGELES ST","Single-Space","TOD","$1.00 - $1.50","2HR","(34.034325, -118.260364)"
"CP228","7201 OWENSMOUTH AVE","Single-Space","FLAT","$1.50","2HR","(34.201949, -118.601676)"
"MV118","12601 VENICE BLVD","Single-Space","FLAT","$1.50","1HR","(34.002266, -118.43675)"
"HO198","1600 IVAR AVE","Single-Space","TOD","$1.00 - $3.00","2HR","(34.100327, -118.328074)"
"WU8","500 BIXEL ST","Single-Space","FLAT","$1.50","1HR","(34.054436, -118.261612)"
"CB3943","300 WINSTON ST","Single-Space","TOD","$1.00 - $6.00","2HR","(34.045329, -118.244692)"
"SS528","11301 IOWA AVE","Single-Space","FLAT","$1.50","2HR","(34.044712, -118.448619)"
"P220","801 ALMA REAL DR","Single-Space","FLAT","$1.00","2HR","(34.044497, -118.524961)"
"CB3748","501 LOS ANGELES ST","Single-Space","TOD","$2.00 - $4.00","2HR","(34.045787, -118.247956)"
"VN335A","14501 SYLVAN ST","Single-Space","FLAT","$1.50","2HR","(34.184736, -118.450042)"
"WU68","401 BIXEL ST","Single-Space","FLAT","$1.50","1HR","(34.056535, -118.260537)"
"BF533","301 ORANGE GROVE AVE","Single-Space","FLAT","$1.50","1HR","(34.076461, -118.360438)"
"CB3351","400 9TH ST","Single-Space","TOD","$1.50 - $7.00","2HR","(34.038906, -118.252216)"
"WW1927","800 IROLO ST","Single-Space","FLAT","$1.50","2HR","(34.057182, -118.300823)"
"MV36","3701 GRAND VIEW BLVD","Single-Space","FLAT","$1.50","1HR","(34.005216, -118.431615)"
"MV156","12300 VENICE BLVD","Single-Space","FLAT","$1.50","2HR","(34.004138, -118.432317)"
"ED206A","751 12TH ST","Single-Space","FLAT","$1.00","2HR","(34.032728, -118.251234)"
"LM526","7401 BEVERLY BLVD","Single-Space","FLAT","$1.50","2HR","(34.076245, -118.352457)"
"WH139","21101 VENTURA BLVD","Single-Space","FLAT","$1.50","2HR","(34.16714, -118.593193)"
"VW1950","2901 SAN MARINO ST","Single-Space","FLAT","$1.50","2HR","(34.054588, -118.292025)"
"CB1062","1100 BROADWAY","Single-Space","TOD","$1.00 - $3.00","4HR","(34.039098, -118.259327)"
"WA1375","2101 3RD ST","Single-Space","FLAT","$1.50","2HR","(34.063195, -118.273277)"
"C1225","900 30TH ST","Single-Space","FLAT","$1.50","4HR","(34.026919, -118.282568)"
"LP11","4201 CRENSHAW BLVD","Single-Space","FLAT","$1.50","2HR","(34.007202, -118.335026)"
"LM694","100 LA BREA AVE","Single-Space","FLAT","$1.50","1HR","(34.071859, -118.343911)"
"52422","620 JEFFERSON BLVD","Multi-Space","FLAT","$1.50","4HR","(34.022375, -118.281269)"
"CB717A","801 MAPLE AVE","Single-Space","TOD","$2.00 - $5.00","2HR","(34.040402, -118.251761)"
"AE619","701 JACKSON ST","Single-Space","JUMP","$1.5/H - $6/10H","10HR","(34.050974, -118.231991)"
"ER61A","2200 COLORADO BLVD","Single-Space","FLAT","$1.50","1HR","(34.139158, -118.215107)"
"LT36A","200 SAN PEDRO ST","Single-Space","TOD","$0.50 - $4.00","2HR","(34.048178, -118.242051)"
"WW1271","3701 3RD ST","Single-Space","FLAT","$1.50","1HR","(34.06913, -118.297014)"
"ED290","1200 PALOMA ST","Single-Space","JUMP","$1/H - $4/10H","10HR","(34.030574, -118.248136)"
"HW429","1701 GRAMERCY PL","Single-Space","FLAT","$1.50","2HR","(34.102109, -118.312349)"
"CB4465","401 BROADWAY","Single-Space","FLAT","$2.00","2HR","(34.048627, -118.250292)"
"CC1217","600 3RD ST","Single-Space","TOD","$6.00 - $8.00","2HR","(34.053314, -118.251801)"
"PB24","5001 PICO BLVD","Single-Space","FLAT","$1.50","2HR","(34.047944, -118.347371)"
"HO404","6101 HOLLYWOOD BLVD","Single-Space","TOD","$1.00 - $3.00","2HR","(34.101747, -118.323414)"
"BH177","200 CHICAGO ST","Single-Space","FLAT","$1.50","2HR","(34.047689, -118.210314)"
"W149","9601 VICKSBURG AVE","Single-Space","FLAT","$1.50","2HR","(33.948374, -118.394001)"
"VH260","4500 HOLLYWOOD BLVD","Single-Space","FLAT","$1.50","2HR","(34.098776, -118.288232)"
"WA1347","2201 OCEAN VIEW AVE","Single-Space","FLAT","$1.50","2HR","(34.06291, -118.275055)"
"WW1917","801 HOBART BLVD","Single-Space","FLAT","$1.50","2HR","(34.057151, -118.305406)"
"WS810","1900 PONTIUS AVE","Single-Space","FLAT","$1.50","2HR","(34.043973, -118.441853)"
"SS582","1500 CORINTH AVE","Single-Space","FLAT","$1.50","2HR","(34.046877, -118.450107)"
"WU744","1601 JAMES M. WOOD BLVD","Single-Space","FLAT","$1.50","2HR","(34.051001, -118.273333)"
"WW2612","200 OXFORD AVE","Single-Space","FLAT","$1.50","1HR","(34.069181, -118.307822)"
"WS548","10901 ASHTON AVE","Single-Space","FLAT","$1.50","2HR","(34.057772, -118.443678)"
"56112","10265 SANTA MONICA BLVD","Multi-Space","FLAT","$1.50","2HR","(34.059809, -118.421046)"
"WB811","2301 GRAND AVE","Single-Space","FLAT","$1.00","2HR","(34.028529, -118.271032)"
"SS440","1801 SAWTELLE BLVD","Single-Space","FLAT","$1.50","2HR","(34.043046, -118.445543)"
"TZ23","18401 VENTURA BLVD","Single-Space","FLAT","$1.50","1HR","(34.168284, -118.534479)"
"CB3921","400 HILL ST","Single-Space","TOD","$1.50 - $5.00","2HR","(34.04978, -118.25072)"
"CT53","600 NEW HIGH ST","Single-Space","FLAT","$1.00","4HR","(34.059043, -118.239054)"
"WF302","7901 4TH ST","Single-Space","FLAT","$1.50","2HR","(34.069994, -118.361739)"
"W20","9801 VICKSBURG AVE","Single-Space","FLAT","$1.50","2HR","(33.946685, -118.393994)"
"WW1956A","3751 7TH ST","Single-Space","FLAT","$1.50","2HR","(34.059767, -118.308592)"
"VH256","4500 HOLLYWOOD BLVD","Single-Space","FLAT","$1.50","2HR","(34.098934, -118.288469)"
"WA651","600 CORONADO ST","Single-Space","FLAT","$1.50","1HR","(34.061642, -118.2806)"
"TZ443","18900 VENTURA BLVD","Single-Space","FLAT","$1.50","2HR","(34.172326, -118.545651)"
"BF265","701 OGDEN DR","Single-Space","FLAT","$1.50","2HR","(34.084034, -118.359513)"
"WA1330","2200 OCEAN VIEW AVE","Single-Space","FLAT","$1.50","2HR","(34.062793, -118.275001)"
"WS215","1601 WESTWOOD BLVD","Single-Space","FLAT","$1.50","2HR","(34.052259, -118.439314)"
"WS429","1600 SEPULVEDA BLVD","Single-Space","FLAT","$1.50","2HR","(34.048382, -118.444775)"
"MD79","1000 BRITTANIA ST","Single-Space","FLAT","$1.50","4HR","(34.056143, -118.208844)"
"CB349","1501 MAIN ST","Single-Space","TOD","$1.00 - $1.50","2HR","(34.034195, -118.262244)"
"CB540","1200 MAPLE AVE","Single-Space","TOD","$5.00 - $7.00","2HR","(34.035044, -118.256729)"
"SH284","1000 LAS PALMAS AVE","Single-Space","FLAT","$1.50","4HR","(34.089432, -118.336204)"
"SS133","1631 SAWTELLE BLVD","Single-Space","FLAT","$1.50","1HR","(34.045688, -118.447825)"
"66449","6376 HOLLYWOOD BLVD","Multi-Space","TOD","$1.00 - $4.00","2HR","(34.10152, -118.329093)"
"VN793A","6150 VAN NUYS BLVD","Single-Space","FLAT","$1.50","30MIN","(34.181954, -118.448565)"
"MV232","12100 VENICE BLVD","Single-Space","FLAT","$1.50","2HR","(34.005105, -118.43054)"
"93245","3612 SUNSET BLVD","Multi-Space","FLAT","$1.50","2HR","(34.090095, -118.277335)"
"ED206B","751 12TH ST","Single-Space","FLAT","$1.00","2HR","(34.032753, -118.251285)"
"UC175","3500 CAHUENGA BLVD","Single-Space","FLAT","$1.50","2HR","(34.133772, -118.357326)"
"LP294","3401 43RD PL","Single-Space","FLAT","$1.50","2HR","(34.004322, -118.331921)"
"WS409","1700 SEPULVEDA BLVD","Single-Space","FLAT","$1.50","1HR","(34.046112, -118.442869)"
"HO180A","1600 CAHUENGA BLVD","Single-Space","TOD","$1.50 - $3.00","2HR","(34.100957, -118.329436)"
"VS103","4400 SUNSET BLVD","Single-Space","FLAT","$1.50","2HR","(34.096396, -118.284951)"
"SA137A","1600 SUNSET BLVD","Single-Space","FLAT","$1.50","2HR","(34.076902, -118.257949)"
"SV179","6701 SUNSET BLVD","Single-Space","FLAT","$1.00","2HR","(34.09808, -118.337158)"
"SV186","6700 SUNSET BLVD","Single-Space","FLAT","$1.00","2HR","(34.097877, -118.337827)"
"VW1161","650 LA FAYETTE PARK PL","Single-Space","FLAT","$1.50","2HR","(34.060728, -118.283558)"
"BH287","2000 1ST ST","Single-Space","FLAT","$1.50","1HR","(34.045086, -118.214376)"
"SL99","2300 HYPERION AVE","Single-Space","FLAT","$1.50","4HR","(34.10198, -118.272976)"
"CB1033","1101 MAIN ST","Single-Space","FLAT","$1.00","4HR","(34.038489, -118.258768)"
"SL636","1301 LIBERTY ST","Single-Space","JUMP","$1.5/H - $6/10H","10HR","(34.079255, -118.261168)"
"SP570","401 6TH ST","Single-Space","FLAT","$1.50","2HR","(33.738699, -118.286422)"
"ED88","901 8TH ST","Single-Space","FLAT","$1.00","4HR","(34.036306, -118.246387)"
"GA124","3200 GLENDALE BLVD","Single-Space","FLAT","$1.50","1HR","(34.117753, -118.260834)"
"HO1070","6500 SELMA AVE","Single-Space","TOD","$1.00 - $2.00","2HR","(34.099704, -118.332827)"
"TZ155","18701 VENTURA BLVD","Single-Space","FLAT","$1.50","2HR","(34.170998, -118.541223)"
"VN466","14600 VICTORY BLVD","Single-Space","FLAT","$1.50","2HR","(34.186558, -118.451423)"
"WS102A","1200 GLENDON AVE","Single-Space","FLAT","$1.50","2HR","(34.058339, -118.442126)"
"SL393","3300 SUNSET BLVD","Single-Space","FLAT","$1.50","2HR","(34.086745, -118.275602)"
"SS26","1601 SAWTELLE BLVD","Single-Space","FLAT","$1.50","1HR","(34.046866, -118.448836)"
"LT386","601 3RD ST","Single-Space","TOD","$3.00 - $4.00","2HR","(34.045905, -118.238747)"
"SVV211","1100 VERMONT AVE","Single-Space","FLAT","$1.50","1HR","(34.091858, -118.29162)"
"TZ452","18800 VENTURA BLVD","Single-Space","FLAT","$1.50","2HR","(34.171953, -118.544181)"
"WW1291","4001 3RD ST","Single-Space","FLAT","$1.50","1HR","(34.069109, -118.301382)"
"WB1","2100 BROADWAY","Single-Space","FLAT","$1.00","4HR","(34.028922, -118.267307)"
"CB1181","201 PICO BLVD","Single-Space","FLAT","$1.00","4HR","(34.038095, -118.262764)"
"WA176","2001 6TH ST","Single-Space","FLAT","$1.50","1HR","(34.059292, -118.274089)"
"WU602","700 UNION AVE","Single-Space","FLAT","$1.50","2HR","(34.053611, -118.271189)"
"LT42","200 SAN PEDRO ST","Single-Space","TOD","$0.50 - $4.00","2HR","(34.048878, -118.241781)"
"HW527","5501 SUNSET BLVD","Single-Space","FLAT","$1.50","1HR","(34.098197, -118.310674)"
"VN439","6401 VESPER AVE","Single-Space","FLAT","$1.50","2HR","(34.18699, -118.450967)"
"CP286","7100 OWENSMOUTH AVE","Single-Space","FLAT","$1.50","2HR","(34.200273, -118.601463)"
"WA284","2101 8TH ST","Single-Space","FLAT","$1.50","1HR","(34.055253, -118.278444)"
"SV750","6800 SUNSET BLVD","Single-Space","FLAT","$1.00","2HR","(34.097872, -118.340204)"
"CB1072","1000 BROADWAY","Single-Space","TOD","$1.50 - $3.00","4HR","(34.040668, -118.257537)"
"CP273","7100 OWENSMOUTH AVE","Single-Space","FLAT","$1.50","2HR","(34.19938, -118.601462)"
"TZ63","18300 CLARK ST","Single-Space","JUMP","$1.5/H - $6/10H","10HR","(34.169718, -118.532375)"
"CB3740","401 LOS ANGELES ST","Single-Space","FLAT","$2.00","2HR","(34.046539, -118.24723)"
"CC776","201 FREMONT AVE","Single-Space","TOD","$1.00 - $2.00","2HR","(34.059804, -118.251195)"
"CB4159","1301 MYRTLE ST","Single-Space","JUMP","$1/H - $4/10H","10HR","(34.033542, -118.255963)"
"CT194","401 COLLEGE ST","Single-Space","TOD","$1.00 - $3.00","2HR","(34.064295, -118.238098)"
"PR48","1100 ROBERTSON BLVD","Single-Space","FLAT","$1.50","2HR","(34.056244, -118.383575)"
"C1132","3300 HOOVER ST","Single-Space","FLAT","$1.50","2HR","(34.024429, -118.283643)"
"CB2047B","301 14TH ST","Single-Space","FLAT","$1.00","2HR","(34.034046, -118.258794)"
"WB708","1801 FIGUEROA ST","Single-Space","FLAT","$1.00","4HR","(34.035293, -118.27158)"
"WA1192","2200 WILSHIRE BLVD","Single-Space","FLAT","$1.50","4HR","(34.059067, -118.277466)"
"MV195","3801 GRAND VIEW BLVD","Single-Space","FLAT","$1.50","1HR","(34.003605, -118.430291)"
"SV507","5801 SUNSET BLVD","Single-Space","FLAT","$1.00","2HR","(34.098157, -118.317002)"
"VN323","6301 VAN NUYS BLVD","Single-Space","FLAT","$1.50","2HR","(34.185094, -118.448862)"
"HO460","1700 VINE ST","Single-Space","TOD","$1.00 - $4.00","2HR","(34.10309, -118.326571)"
"HP140","5901 FIGUEROA ST","Single-Space","FLAT","$1.50","1HR","(34.110859, -118.190463)"
"CT151","900 NORTH BROADWAY","Single-Space","TOD","$1.00 - $4.00","2HR","(34.065927, -118.236304)"
"HO664","1700 CHEROKEE AVE","Single-Space","TOD","$1.00 - $5.00","2HR","(34.102771, -118.334685)"
"WF316","6300 COLGATE AVE","Single-Space","FLAT","$1.50","1HR","(34.069027, -118.361641)"
"SVV322","4201 MELROSE AVE","Single-Space","JUMP","$1.5/H - $6/6H","6HR","(34.083666, -118.293344)"
"TZ465","18800 VENTURA BLVD","Single-Space","FLAT","$1.50","2HR","(34.171504, -118.543069)"
"VN937","6350 VAN NUYS BLVD","Single-Space","FLAT","$1.50","2HR","(34.185909, -118.448568)"
"LH181","2601 PASADENA AVE","Single-Space","FLAT","$1.50","1HR","(34.077102, -118.215588)"
"WW1969","3301 WILSHIRE BLVD","Single-Space","FLAT","$1.50","1HR","(34.061868, -118.296912)"
"SVV456","900 HELIOTROPE DR","Single-Space","JUMP","$1.5/H - $6/6H","6HR","(34.088257, -118.29488)"
"WP79A","3101 VIA DOLCE","Single-Space","TOD","$0.50 - $1.50","2HR","(33.980459, -118.463115)"
"SL279","3201 SUNSET BLVD","Single-Space","FLAT","$1.50","2HR","(34.085985, -118.27496)"
"WW550","650 KINGSLEY DR","Single-Space","FLAT","$1.50","2HR","(34.060132, -118.303012)"
"MD495","1601 ZONAL AVE","Single-Space","FLAT","$1.50","4HR","(34.06229, -118.210665)"
"CP125","21800 SHERMAN WAY","Single-Space","FLAT","$1.50","2HR","(34.200919, -118.603518)"
"VH56","1700 VERMONT AVE","Single-Space","FLAT","$1.50","2HR","(34.102872, -118.291677)"
"CB2641B","700 SAN PEDRO ST","Single-Space","TOD","$1.00 - $1.50","4HR","(34.039902, -118.247467)"
"SS183","11601 SANTA MONICA BLVD","Single-Space","FLAT","$1.50","1HR","(34.044441, -118.454783)"
"CB2158","1200 WALL ST","Single-Space","TOD","$1.00 - $3.00","2HR","(34.034378, -118.255764)"
"CB3046","201 4TH ST","Single-Space","TOD","$1.00 - $7.00","2HR","(34.046635, -118.244924)"
"C490A","500 28TH ST","Single-Space","FLAT","$1.50","1HR","(34.02625, -118.276518)"
"BF203","7501 MELROSE AVE","Single-Space","FLAT","$1.50","2HR","(34.083725, -118.353681)"
"SL385","3300 SUNSET BLVD","Single-Space","FLAT","$1.50","2HR","(34.087258, -118.275847)"
"SV488","6000 SUNSET BLVD","Single-Space","FLAT","$1.00","2HR","(34.097933, -118.320753)"
"PB385","5000 PICO BLVD","Single-Space","FLAT","$1.50","2HR","(34.047764, -118.347662)"
"C1026","1300 29TH ST","Single-Space","FLAT","$1.50","1HR","(34.028332, -118.291032)"
"LM786","500 LA BREA AVE","Single-Space","FLAT","$1.50","1HR","(34.081401, -118.343928)"
"MM269","600 HAUSER BLVD","Single-Space","FLAT","$1.50","2HR","(34.063329, -118.351376)"
"VW1454","400 SHATTO PL","Single-Space","FLAT","$1.50","2HR","(34.066762, -118.289859)"
"V224","200 MARKET ST","Single-Space","TOD","$0.50 - $2.00","1HR","(33.988901, -118.471138)"
"TZ400","5501 BECKFORD AVE","Single-Space","FLAT","$1.50","1HR","(34.172327, -118.551277)"
"VS278","1500 KENMORE AVE","Single-Space","FLAT","$1.50","2HR","(34.098602, -118.29716)"
"CB652A","801 WALL ST","Single-Space","TOD","$2.00 - $6.00","2HR","(34.039593, -118.251074)"
"VN953A","14400 VICTORY BLVD","Single-Space","FLAT","$1.50","2HR","(34.186561, -118.447017)"
"HO48","1600 LAS PALMAS AVE","Single-Space","TOD","$1.00 - $3.00","2HR","(34.101041, -118.336072)"
"WV152","900 LEVERING AVE","Single-Space","TOD","$0.50 - $3.00","2HR","(34.063291, -118.448703)"
"WA659","601 CORONADO ST","Single-Space","FLAT","$1.50","1HR","(34.061263, -118.281009)"
"CT416","201 ALPINE ST","Single-Space","TOD","$1.00 - $1.50","2HR","(34.062025, -118.237212)"
"BF393","300 EDINBURGH AVE","Single-Space","FLAT","$1.50","2HR","(34.076413, -118.363644)"
"WS14","1700 WESTWOOD BLVD","Single-Space","FLAT","$1.50","2HR","(34.051285, -118.438135)"
"HO166","1601 CAHUENGA BLVD","Single-Space","TOD","$1.50 - $4.00","2HR","(34.100272, -118.329627)"
"CB3152A","600 WILSHIRE BLVD","Single-Space","TOD","$6.00 - $7.00","2HR","(34.048278, -118.256614)"
"CB1583","1101 MAPLE AVE","Single-Space","TOD","$1.00 - $7.00","2HR","(34.036739, -118.255544)"
"SP582","301 6TH ST","Single-Space","FLAT","$1.50","2HR","(33.738694, -118.285113)"
"CB1189","1200 OLIVE ST","Single-Space","TOD","$1.00 - $2.00","4HR","(34.038831, -118.262659)"
"SW286","5701 MELROSE AVE","Single-Space","FLAT","$1.50","1HR","(34.083565, -118.325287)"
"CB2826","1601 OLIVE ST","Single-Space","FLAT","$1.00","4HR","(34.034761, -118.265864)"
"CB3823","801 SANTEE ST","Single-Space","TOD","$1.00 - $7.00","2HR","(34.040283, -118.253149)"
"VW1611","1201 CATALINA ST","Single-Space","FLAT","$1.50","2HR","(34.047447, -118.294817)"
"TZ552","18300 VENTURA BLVD","Single-Space","FLAT","$1.50","1HR","(34.167537, -118.533237)"
"CB1748","101 12TH ST","Single-Space","FLAT","$1.00","2HR","(34.03716, -118.258597)"
"TZ243A","19301 VENTURA BLVD","Single-Space","FLAT","$1.50","2HR","(34.172794, -118.554193)"
"SW117","1101 WESTERN AVE","Single-Space","FLAT","$1.50","1HR","(34.091477, -118.309324)"
"WU1182","1100 8TH ST","Single-Space","JUMP","$1.5/H - $6/10H","10HR","(34.049632, -118.266292)"
"BF267","7801 MELROSE AVE","Single-Space","FLAT","$1.50","2HR","(34.083875, -118.359881)"
"HO505","6400 YUCCA ST","Single-Space","TOD","$1.00 - $5.00","2HR","(34.10387, -118.329987)"
"VN935","14401 FRIAR ST","Single-Space","FLAT","$1.50","2HR","(34.185732, -118.448441)"
"SV419","6200 FOUNTAIN AVE","Single-Space","FLAT","$1.00","2HR","(34.094271, -118.325848)"
"WS258","1901 WESTWOOD BLVD","Single-Space","FLAT","$1.50","1HR","(34.047307, -118.434819)"
"VW1696","2500 PICO BLVD","Single-Space","FLAT","$1.50","1HR","(34.047173, -118.292667)"
"VS517","1201 VERMONT AVE","Single-Space","FLAT","$1.50","2HR","(34.095237, -118.291873)"
"WN281","100 G ST","Single-Space","FLAT","$1.50","2HR","(33.778412, -118.263258)"
"VN234","14500 GILMORE ST","Single-Space","FLAT","$1.50","2HR","(34.187604, -118.449195)"
"VN873","14400 SYLVAN ST","Single-Space","FLAT","$1.50","2HR","(34.184579, -118.447189)"
"WA1507","1301 TOBERMAN ST","Single-Space","FLAT","$1.50","2HR","(34.04385, -118.276145)"
"UC151","3400 CAHUENGA BLVD","Single-Space","JUMP","$1.5/H - $6/10H","10HR","(34.132595, -118.354167)"
"VW547A","600 VIRGIL AVE","Single-Space","FLAT","$1.50","2HR","(34.062842, -118.286941)"
"CT368A","701 HILL ST","Single-Space","FLAT","$1.00","4HR","(34.062335, -118.239875)"
"SL91","2200 HYPERION AVE","Single-Space","FLAT","$1.50","4HR","(34.100774, -118.273135)"
"VS442","1301 VERMONT AVE","Single-Space","FLAT","$1.50","1HR","(34.096505, -118.291878)"
"BF762","500 FAIRFAX AVE","Single-Space","FLAT","$1.50","2HR","(34.080955, -118.361355)"
"HP250","6101 FIGUEROA ST","Single-Space","FLAT","$1.50","2HR","(34.11519, -118.184792)"
"CC1614","801 4TH ST","Single-Space","JUMP","$1/H - $4/10H","10HR","(34.053232, -118.254764)"
"CB1801","1100 SANTEE ST","Single-Space","TOD","$1.00 - $6.00","2HR","(34.037549, -118.256232)"
"WF31","101 KILKEA DR","Single-Space","FLAT","$1.50","2HR","(34.072629, -118.366936)"
